pai_et_municipios,promedio,comparacion_pcn,desviacion,comparacion_dcn,desempeno_1,desempeno_2,desempeno_3,desempeno_4,aprendizaje_1,aprendizaje_2,aprendizaje_3,aprendizaje_4,aprendizaje_5,aprendizaje_6,aprendizaje_7,aprendizaje_8,aprendizaje_9,aprendizaje_10,aprendizaje_11,aprendizaje_12,aprendizaje_13,aprendizaje_14,aprendizaje_15,aprendizaje_16,aprendizaje_17,aprendizaje_18,aprendizaje_19,aprendizaje_20,aprendizaje_21,aprendizaje_22,aprendizaje_23,aprendizaje_24,aprendizaje_25,aprendizaje_26,Competencia
AMAZONAS,45,,9,,39%,48%,13%,1%,49%,59%,46%,62%,71%,51%,54%,67%,66%,43%,46%,72%,48%,64%,58%,62%,57%,70%,66%,59%,57%,N.D.,71%,59%,56%,67%,Ciencias Naturales
OFICIALES URBANOS DE AMAZONAS,46,Similar,9,Similar,33%,51%,16%,0%,N.D.,N.D.,N.D.,N.D.,N.D.,N.D.,N.D.,N.D.,N.D.,N.D.,N.D.,N.D.,N.D.,N.D.,N.D.,N.D.,N.D.,N.D.,N.D.,N.D.,N.D.,N.D.,N.D.,N.D.,N.D.,N.D.,Ciencias Naturales
OFICIALES RURALES DE AMAZONAS,40,Mayor,7,Mayor,61%,37%,1%,0%,N.D.,N.D.,N.D.,N.D.,N.D.,N.D.,N.D.,N.D.,N.D.,N.D.,N.D.,N.D.,N.D.,N.D.,N.D.,N.D.,N.D.,N.D.,N.D.,N.D.,N.D.,N.D.,N.D.,N.D.,N.D.,N.D.,Ciencias Naturales
PRIVADOS DE AMAZONAS,56,Menor,8,Similar,0%,55%,38%,7%,N.D.,N.D.,N.D.,N.D.,N.D.,N.D.,N.D.,N.D.,N.D.,N.D.,N.D.,N.D.,N.D.,N.D.,N.D.,N.D.,N.D.,N.D.,N.D.,N.D.,N.D.,N.D.,N.D.,N.D.,N.D.,N.D.,Ciencias Naturales
GC 1 DE AMAZONAS,41,Mayor,7,Mayor,54%,44%,2%,0%,N.D.,N.D.,N.D.,N.D.,N.D.,N.D.,N.D.,N.D.,N.D.,N.D.,N.D.,N.D.,N.D.,N.D.,N.D.,N.D.,N.D.,N.D.,N.D.,N.D.,N.D.,N.D.,N.D.,N.D.,N.D.,N.D.,Ciencias Naturales
GC 2 DE AMAZONAS,44,Similar,9,Similar,39%,48%,12%,0%,N.D.,N.D.,N.D.,N.D.,N.D.,N.D.,N.D.,N.D.,N.D.,N.D.,N.D.,N.D.,N.D.,N.D.,N.D.,N.D.,N.D.,N.D.,N.D.,N.D.,N.D.,N.D.,N.D.,N.D.,N.D.,N.D.,Ciencias Naturales
GC 3 DE AMAZONAS,56,Menor,9,Similar,0%,50%,44%,6%,N.D.,N.D.,N.D.,N.D.,N.D.,N.D.,N.D.,N.D.,N.D.,N.D.,N.D.,N.D.,N.D.,N.D.,N.D.,N.D.,N.D.,N.D.,N.D.,N.D.,N.D.,N.D.,N.D.,N.D.,N.D.,N.D.,Ciencias Naturales
ANTIOQUIA,49,,10,,22%,49%,27%,2%,42%,54%,37%,53%,64%,39%,44%,56%,54%,39%,34%,60%,38%,60%,48%,54%,46%,65%,59%,55%,48%,N.D.,64%,46%,50%,53%,Ciencias Naturales
OFICIALES URBANOS DE ANTIOQUIA,49,Similar,10,Similar,20%,52%,26%,1%,N.D.,N.D.,N.D.,N.D.,N.D.,N.D.,N.D.,N.D.,N.D.,N.D.,N.D.,N.D.,N.D.,N.D.,N.D.,N.D.,N.D.,N.D.,N.D.,N.D.,N.D.,N.D.,N.D.,N.D.,N.D.,N.D.,Ciencias Naturales
OFICIALES RURALES DE ANTIOQUIA,44,Mayor,9,Similar,38%,49%,12%,0%,N.D.,N.D.,N.D.,N.D.,N.D.,N.D.,N.D.,N.D.,N.D.,N.D.,N.D.,N.D.,N.D.,N.D.,N.D.,N.D.,N.D.,N.D.,N.D.,N.D.,N.D.,N.D.,N.D.,N.D.,N.D.,N.D.,Ciencias Naturales
PRIVADOS DE ANTIOQUIA,56,Menor,11,Similar,11%,36%,47%,7%,N.D.,N.D.,N.D.,N.D.,N.D.,N.D.,N.D.,N.D.,N.D.,N.D.,N.D.,N.D.,N.D.,N.D.,N.D.,N.D.,N.D.,N.D.,N.D.,N.D.,N.D.,N.D.,N.D.,N.D.,N.D.,N.D.,Ciencias Naturales
GC 1 DE ANTIOQUIA,42,Mayor,8,Mayor,51%,44%,6%,0%,N.D.,N.D.,N.D.,N.D.,N.D.,N.D.,N.D.,N.D.,N.D.,N.D.,N.D.,N.D.,N.D.,N.D.,N.D.,N.D.,N.D.,N.D.,N.D.,N.D.,N.D.,N.D.,N.D.,N.D.,N.D.,N.D.,Ciencias Naturales
GC 2 DE ANTIOQUIA,46,Similar,9,Similar,29%,53%,17%,1%,N.D.,N.D.,N.D.,N.D.,N.D.,N.D.,N.D.,N.D.,N.D.,N.D.,N.D.,N.D.,N.D.,N.D.,N.D.,N.D.,N.D.,N.D.,N.D.,N.D.,N.D.,N.D.,N.D.,N.D.,N.D.,N.D.,Ciencias Naturales
GC 3 DE ANTIOQUIA,53,Menor,10,Similar,11%,46%,39%,3%,N.D.,N.D.,N.D.,N.D.,N.D.,N.D.,N.D.,N.D.,N.D.,N.D.,N.D.,N.D.,N.D.,N.D.,N.D.,N.D.,N.D.,N.D.,N.D.,N.D.,N.D.,N.D.,N.D.,N.D.,N.D.,N.D.,Ciencias Naturales
GC 4 DE ANTIOQUIA,62,Menor,9,Similar,2%,18%,63%,17%,N.D.,N.D.,N.D.,N.D.,N.D.,N.D.,N.D.,N.D.,N.D.,N.D.,N.D.,N.D.,N.D.,N.D.,N.D.,N.D.,N.D.,N.D.,N.D.,N.D.,N.D.,N.D.,N.D.,N.D.,N.D.,N.D.,Ciencias Naturales
ARAUCA,50,,10,,19%,52%,26%,2%,43%,54%,37%,53%,65%,40%,43%,57%,54%,39%,33%,62%,37%,59%,49%,53%,44%,66%,58%,55%,48%,N.D.,64%,43%,50%,52%,Ciencias Naturales
OFICIALES URBANOS DE ARAUCA,50,Similar,10,Similar,17%,53%,28%,2%,N.D.,N.D.,N.D.,N.D.,N.D.,N.D.,N.D.,N.D.,N.D.,N.D.,N.D.,N.D.,N.D.,N.D.,N.D.,N.D.,N.D.,N.D.,N.D.,N.D.,N.D.,N.D.,N.D.,N.D.,N.D.,N.D.,Ciencias Naturales
OFICIALES RURALES DE ARAUCA,47,Similar,9,Similar,25%,55%,19%,0%,N.D.,N.D.,N.D.,N.D.,N.D.,N.D.,N.D.,N.D.,N.D.,N.D.,N.D.,N.D.,N.D.,N.D.,N.D.,N.D.,N.D.,N.D.,N.D.,N.D.,N.D.,N.D.,N.D.,N.D.,N.D.,N.D.,Ciencias Naturales
PRIVADOS DE ARAUCA,50,Similar,11,Similar,23%,44%,30%,3%,N.D.,N.D.,N.D.,N.D.,N.D.,N.D.,N.D.,N.D.,N.D.,N.D.,N.D.,N.D.,N.D.,N.D.,N.D.,N.D.,N.D.,N.D.,N.D.,N.D.,N.D.,N.D.,N.D.,N.D.,N.D.,N.D.,Ciencias Naturales
GC 1 DE ARAUCA,45,Mayor,8,Mayor,31%,54%,15%,0%,N.D.,N.D.,N.D.,N.D.,N.D.,N.D.,N.D.,N.D.,N.D.,N.D.,N.D.,N.D.,N.D.,N.D.,N.D.,N.D.,N.D.,N.D.,N.D.,N.D.,N.D.,N.D.,N.D.,N.D.,N.D.,N.D.,Ciencias Naturales
GC 2 DE ARAUCA,49,Similar,10,Similar,20%,53%,26%,1%,N.D.,N.D.,N.D.,N.D.,N.D.,N.D.,N.D.,N.D.,N.D.,N.D.,N.D.,N.D.,N.D.,N.D.,N.D.,N.D.,N.D.,N.D.,N.D.,N.D.,N.D.,N.D.,N.D.,N.D.,N.D.,N.D.,Ciencias Naturales
GC 3 DE ARAUCA,54,Menor,10,Similar,10%,45%,39%,6%,N.D.,N.D.,N.D.,N.D.,N.D.,N.D.,N.D.,N.D.,N.D.,N.D.,N.D.,N.D.,N.D.,N.D.,N.D.,N.D.,N.D.,N.D.,N.D.,N.D.,N.D.,N.D.,N.D.,N.D.,N.D.,N.D.,Ciencias Naturales
ATLANTICO,50,,11,,22%,48%,27%,3%,44%,54%,37%,52%,64%,40%,44%,55%,54%,39%,35%,60%,37%,59%,47%,54%,47%,64%,57%,54%,46%,N.D.,63%,43%,50%,52%,Ciencias Naturales
OFICIALES URBANOS DE ATLANTICO,49,Similar,10,Similar,23%,50%,25%,2%,N.D.,N.D.,N.D.,N.D.,N.D.,N.D.,N.D.,N.D.,N.D.,N.D.,N.D.,N.D.,N.D.,N.D.,N.D.,N.D.,N.D.,N.D.,N.D.,N.D.,N.D.,N.D.,N.D.,N.D.,N.D.,N.D.,Ciencias Naturales
OFICIALES RURALES DE ATLANTICO,44,Mayor,8,Mayor,41%,49%,9%,0%,N.D.,N.D.,N.D.,N.D.,N.D.,N.D.,N.D.,N.D.,N.D.,N.D.,N.D.,N.D.,N.D.,N.D.,N.D.,N.D.,N.D.,N.D.,N.D.,N.D.,N.D.,N.D.,N.D.,N.D.,N.D.,N.D.,Ciencias Naturales
PRIVADOS DE ATLANTICO,52,Similar,12,Similar,19%,41%,34%,6%,N.D.,N.D.,N.D.,N.D.,N.D.,N.D.,N.D.,N.D.,N.D.,N.D.,N.D.,N.D.,N.D.,N.D.,N.D.,N.D.,N.D.,N.D.,N.D.,N.D.,N.D.,N.D.,N.D.,N.D.,N.D.,N.D.,Ciencias Naturales
GC 1 DE ATLANTICO,43,Mayor,8,Mayor,44%,49%,7%,0%,N.D.,N.D.,N.D.,N.D.,N.D.,N.D.,N.D.,N.D.,N.D.,N.D.,N.D.,N.D.,N.D.,N.D.,N.D.,N.D.,N.D.,N.D.,N.D.,N.D.,N.D.,N.D.,N.D.,N.D.,N.D.,N.D.,Ciencias Naturales
GC 2 DE ATLANTICO,47,Similar,10,Similar,29%,51%,18%,1%,N.D.,N.D.,N.D.,N.D.,N.D.,N.D.,N.D.,N.D.,N.D.,N.D.,N.D.,N.D.,N.D.,N.D.,N.D.,N.D.,N.D.,N.D.,N.D.,N.D.,N.D.,N.D.,N.D.,N.D.,N.D.,N.D.,Ciencias Naturales
GC 3 DE ATLANTICO,55,Menor,10,Similar,9%,41%,44%,6%,N.D.,N.D.,N.D.,N.D.,N.D.,N.D.,N.D.,N.D.,N.D.,N.D.,N.D.,N.D.,N.D.,N.D.,N.D.,N.D.,N.D.,N.D.,N.D.,N.D.,N.D.,N.D.,N.D.,N.D.,N.D.,N.D.,Ciencias Naturales
GC 4 DE ATLANTICO,66,Menor,8,Mayor,1%,7%,61%,31%,N.D.,N.D.,N.D.,N.D.,N.D.,N.D.,N.D.,N.D.,N.D.,N.D.,N.D.,N.D.,N.D.,N.D.,N.D.,N.D.,N.D.,N.D.,N.D.,N.D.,N.D.,N.D.,N.D.,N.D.,N.D.,N.D.,Ciencias Naturales
BOGOTÁ,53,,10,,10%,47%,39%,4%,35%,49%,31%,46%,59%,30%,38%,52%,48%,29%,24%,54%,29%,54%,42%,48%,38%,61%,52%,48%,39%,N.D.,59%,37%,45%,46%,Ciencias Naturales
OFICIALES URBANOS DE BOGOTÁ,51,Similar,9,Similar,13%,56%,30%,1%,N.D.,N.D.,N.D.,N.D.,N.D.,N.D.,N.D.,N.D.,N.D.,N.D.,N.D.,N.D.,N.D.,N.D.,N.D.,N.D.,N.D.,N.D.,N.D.,N.D.,N.D.,N.D.,N.D.,N.D.,N.D.,N.D.,Ciencias Naturales
OFICIALES RURALES DE BOGOTÁ,49,Mayor,8,Mayor,17%,63%,19%,0%,N.D.,N.D.,N.D.,N.D.,N.D.,N.D.,N.D.,N.D.,N.D.,N.D.,N.D.,N.D.,N.D.,N.D.,N.D.,N.D.,N.D.,N.D.,N.D.,N.D.,N.D.,N.D.,N.D.,N.D.,N.D.,N.D.,Ciencias Naturales
PRIVADOS DE BOGOTÁ,57,Menor,10,Similar,6%,35%,52%,8%,N.D.,N.D.,N.D.,N.D.,N.D.,N.D.,N.D.,N.D.,N.D.,N.D.,N.D.,N.D.,N.D.,N.D.,N.D.,N.D.,N.D.,N.D.,N.D.,N.D.,N.D.,N.D.,N.D.,N.D.,N.D.,N.D.,Ciencias Naturales
GC 1 DE BOGOTÁ,46,Mayor,8,Mayor,30%,50%,20%,0%,N.D.,N.D.,N.D.,N.D.,N.D.,N.D.,N.D.,N.D.,N.D.,N.D.,N.D.,N.D.,N.D.,N.D.,N.D.,N.D.,N.D.,N.D.,N.D.,N.D.,N.D.,N.D.,N.D.,N.D.,N.D.,N.D.,Ciencias Naturales
GC 2 DE BOGOTÁ,49,Mayor,9,Similar,19%,59%,22%,1%,N.D.,N.D.,N.D.,N.D.,N.D.,N.D.,N.D.,N.D.,N.D.,N.D.,N.D.,N.D.,N.D.,N.D.,N.D.,N.D.,N.D.,N.D.,N.D.,N.D.,N.D.,N.D.,N.D.,N.D.,N.D.,N.D.,Ciencias Naturales
GC 3 DE BOGOTÁ,54,Similar,9,Similar,8%,46%,42%,3%,N.D.,N.D.,N.D.,N.D.,N.D.,N.D.,N.D.,N.D.,N.D.,N.D.,N.D.,N.D.,N.D.,N.D.,N.D.,N.D.,N.D.,N.D.,N.D.,N.D.,N.D.,N.D.,N.D.,N.D.,N.D.,N.D.,Ciencias Naturales
BOLIVAR,47,,10,,31%,47%,19%,2%,49%,57%,42%,57%,66%,47%,48%,60%,58%,46%,41%,64%,42%,62%,53%,57%,52%,68%,62%,59%,52%,N.D.,66%,50%,54%,57%,Ciencias Naturales
OFICIALES URBANOS DE BOLIVAR,46,Similar,10,Similar,31%,51%,17%,1%,N.D.,N.D.,N.D.,N.D.,N.D.,N.D.,N.D.,N.D.,N.D.,N.D.,N.D.,N.D.,N.D.,N.D.,N.D.,N.D.,N.D.,N.D.,N.D.,N.D.,N.D.,N.D.,N.D.,N.D.,N.D.,N.D.,Ciencias Naturales
OFICIALES RURALES DE BOLIVAR,42,Mayor,8,Mayor,48%,45%,7%,0%,N.D.,N.D.,N.D.,N.D.,N.D.,N.D.,N.D.,N.D.,N.D.,N.D.,N.D.,N.D.,N.D.,N.D.,N.D.,N.D.,N.D.,N.D.,N.D.,N.D.,N.D.,N.D.,N.D.,N.D.,N.D.,N.D.,Ciencias Naturales
PRIVADOS DE BOLIVAR,55,Menor,11,Similar,12%,39%,40%,8%,N.D.,N.D.,N.D.,N.D.,N.D.,N.D.,N.D.,N.D.,N.D.,N.D.,N.D.,N.D.,N.D.,N.D.,N.D.,N.D.,N.D.,N.D.,N.D.,N.D.,N.D.,N.D.,N.D.,N.D.,N.D.,N.D.,Ciencias Naturales
GC 1 DE BOLIVAR,41,Mayor,7,Mayor,54%,42%,4%,0%,N.D.,N.D.,N.D.,N.D.,N.D.,N.D.,N.D.,N.D.,N.D.,N.D.,N.D.,N.D.,N.D.,N.D.,N.D.,N.D.,N.D.,N.D.,N.D.,N.D.,N.D.,N.D.,N.D.,N.D.,N.D.,N.D.,Ciencias Naturales
GC 2 DE BOLIVAR,45,Similar,9,Similar,35%,50%,15%,1%,N.D.,N.D.,N.D.,N.D.,N.D.,N.D.,N.D.,N.D.,N.D.,N.D.,N.D.,N.D.,N.D.,N.D.,N.D.,N.D.,N.D.,N.D.,N.D.,N.D.,N.D.,N.D.,N.D.,N.D.,N.D.,N.D.,Ciencias Naturales
GC 3 DE BOLIVAR,56,Menor,11,Similar,9%,39%,44%,8%,N.D.,N.D.,N.D.,N.D.,N.D.,N.D.,N.D.,N.D.,N.D.,N.D.,N.D.,N.D.,N.D.,N.D.,N.D.,N.D.,N.D.,N.D.,N.D.,N.D.,N.D.,N.D.,N.D.,N.D.,N.D.,N.D.,Ciencias Naturales
GC 4 DE BOLIVAR,64,Menor,9,Similar,1%,16%,55%,28%,N.D.,N.D.,N.D.,N.D.,N.D.,N.D.,N.D.,N.D.,N.D.,N.D.,N.D.,N.D.,N.D.,N.D.,N.D.,N.D.,N.D.,N.D.,N.D.,N.D.,N.D.,N.D.,N.D.,N.D.,N.D.,N.D.,Ciencias Naturales
BOYACA,54,,10,,10%,46%,40%,4%,34%,47%,31%,46%,59%,30%,35%,49%,46%,31%,24%,54%,29%,53%,41%,45%,37%,61%,53%,48%,39%,N.D.,58%,36%,43%,45%,Ciencias Naturales
OFICIALES URBANOS DE BOYACA,53,Similar,9,Similar,10%,48%,39%,3%,N.D.,N.D.,N.D.,N.D.,N.D.,N.D.,N.D.,N.D.,N.D.,N.D.,N.D.,N.D.,N.D.,N.D.,N.D.,N.D.,N.D.,N.D.,N.D.,N.D.,N.D.,N.D.,N.D.,N.D.,N.D.,N.D.,Ciencias Naturales
OFICIALES RURALES DE BOYACA,50,Mayor,9,Similar,16%,55%,27%,1%,N.D.,N.D.,N.D.,N.D.,N.D.,N.D.,N.D.,N.D.,N.D.,N.D.,N.D.,N.D.,N.D.,N.D.,N.D.,N.D.,N.D.,N.D.,N.D.,N.D.,N.D.,N.D.,N.D.,N.D.,N.D.,N.D.,Ciencias Naturales
PRIVADOS DE BOYACA,59,Menor,10,Similar,4%,29%,56%,12%,N.D.,N.D.,N.D.,N.D.,N.D.,N.D.,N.D.,N.D.,N.D.,N.D.,N.D.,N.D.,N.D.,N.D.,N.D.,N.D.,N.D.,N.D.,N.D.,N.D.,N.D.,N.D.,N.D.,N.D.,N.D.,N.D.,Ciencias Naturales
GC 1 DE BOYACA,49,Mayor,9,Similar,21%,56%,23%,0%,N.D.,N.D.,N.D.,N.D.,N.D.,N.D.,N.D.,N.D.,N.D.,N.D.,N.D.,N.D.,N.D.,N.D.,N.D.,N.D.,N.D.,N.D.,N.D.,N.D.,N.D.,N.D.,N.D.,N.D.,N.D.,N.D.,Ciencias Naturales
GC 2 DE BOYACA,52,Similar,9,Similar,13%,53%,32%,2%,N.D.,N.D.,N.D.,N.D.,N.D.,N.D.,N.D.,N.D.,N.D.,N.D.,N.D.,N.D.,N.D.,N.D.,N.D.,N.D.,N.D.,N.D.,N.D.,N.D.,N.D.,N.D.,N.D.,N.D.,N.D.,N.D.,Ciencias Naturales
GC 3 DE BOYACA,58,Menor,9,Similar,3%,33%,55%,8%,N.D.,N.D.,N.D.,N.D.,N.D.,N.D.,N.D.,N.D.,N.D.,N.D.,N.D.,N.D.,N.D.,N.D.,N.D.,N.D.,N.D.,N.D.,N.D.,N.D.,N.D.,N.D.,N.D.,N.D.,N.D.,N.D.,Ciencias Naturales
GC 4 DE BOYACA,66,Menor,8,Mayor,0%,8%,62%,30%,N.D.,N.D.,N.D.,N.D.,N.D.,N.D.,N.D.,N.D.,N.D.,N.D.,N.D.,N.D.,N.D.,N.D.,N.D.,N.D.,N.D.,N.D.,N.D.,N.D.,N.D.,N.D.,N.D.,N.D.,N.D.,N.D.,Ciencias Naturales
CALDAS,51,,10,,17%,51%,29%,3%,39%,52%,34%,51%,63%,36%,42%,53%,52%,35%,30%,59%,35%,57%,46%,53%,43%,64%,58%,53%,44%,N.D.,62%,42%,47%,52%,Ciencias Naturales
OFICIALES URBANOS DE CALDAS,51,Similar,10,Similar,16%,52%,29%,2%,N.D.,N.D.,N.D.,N.D.,N.D.,N.D.,N.D.,N.D.,N.D.,N.D.,N.D.,N.D.,N.D.,N.D.,N.D.,N.D.,N.D.,N.D.,N.D.,N.D.,N.D.,N.D.,N.D.,N.D.,N.D.,N.D.,Ciencias Naturales
OFICIALES RURALES DE CALDAS,47,Mayor,8,Mayor,23%,60%,17%,0%,N.D.,N.D.,N.D.,N.D.,N.D.,N.D.,N.D.,N.D.,N.D.,N.D.,N.D.,N.D.,N.D.,N.D.,N.D.,N.D.,N.D.,N.D.,N.D.,N.D.,N.D.,N.D.,N.D.,N.D.,N.D.,N.D.,Ciencias Naturales
PRIVADOS DE CALDAS,60,Menor,10,Similar,5%,25%,55%,15%,N.D.,N.D.,N.D.,N.D.,N.D.,N.D.,N.D.,N.D.,N.D.,N.D.,N.D.,N.D.,N.D.,N.D.,N.D.,N.D.,N.D.,N.D.,N.D.,N.D.,N.D.,N.D.,N.D.,N.D.,N.D.,N.D.,Ciencias Naturales
GC 1 DE CALDAS,47,Mayor,8,Mayor,23%,63%,14%,0%,N.D.,N.D.,N.D.,N.D.,N.D.,N.D.,N.D.,N.D.,N.D.,N.D.,N.D.,N.D.,N.D.,N.D.,N.D.,N.D.,N.D.,N.D.,N.D.,N.D.,N.D.,N.D.,N.D.,N.D.,N.D.,N.D.,Ciencias Naturales
GC 2 DE CALDAS,48,Similar,9,Similar,21%,57%,21%,1%,N.D.,N.D.,N.D.,N.D.,N.D.,N.D.,N.D.,N.D.,N.D.,N.D.,N.D.,N.D.,N.D.,N.D.,N.D.,N.D.,N.D.,N.D.,N.D.,N.D.,N.D.,N.D.,N.D.,N.D.,N.D.,N.D.,Ciencias Naturales
GC 3 DE CALDAS,56,Menor,10,Similar,8%,39%,46%,7%,N.D.,N.D.,N.D.,N.D.,N.D.,N.D.,N.D.,N.D.,N.D.,N.D.,N.D.,N.D.,N.D.,N.D.,N.D.,N.D.,N.D.,N.D.,N.D.,N.D.,N.D.,N.D.,N.D.,N.D.,N.D.,N.D.,Ciencias Naturales
GC 4 DE CALDAS,64,Menor,7,Mayor,0%,13%,67%,20%,N.D.,N.D.,N.D.,N.D.,N.D.,N.D.,N.D.,N.D.,N.D.,N.D.,N.D.,N.D.,N.D.,N.D.,N.D.,N.D.,N.D.,N.D.,N.D.,N.D.,N.D.,N.D.,N.D.,N.D.,N.D.,N.D.,Ciencias Naturales
CAQUETA,49,,10,,19%,55%,24%,2%,42%,54%,38%,54%,65%,41%,44%,56%,56%,42%,33%,63%,37%,61%,50%,55%,46%,67%,58%,55%,48%,N.D.,66%,45%,50%,54%,Ciencias Naturales
OFICIALES URBANOS DE CAQUETA,49,Similar,9,Similar,17%,57%,25%,1%,N.D.,N.D.,N.D.,N.D.,N.D.,N.D.,N.D.,N.D.,N.D.,N.D.,N.D.,N.D.,N.D.,N.D.,N.D.,N.D.,N.D.,N.D.,N.D.,N.D.,N.D.,N.D.,N.D.,N.D.,N.D.,N.D.,Ciencias Naturales
OFICIALES RURALES DE CAQUETA,45,Mayor,8,Mayor,29%,61%,9%,0%,N.D.,N.D.,N.D.,N.D.,N.D.,N.D.,N.D.,N.D.,N.D.,N.D.,N.D.,N.D.,N.D.,N.D.,N.D.,N.D.,N.D.,N.D.,N.D.,N.D.,N.D.,N.D.,N.D.,N.D.,N.D.,N.D.,Ciencias Naturales
PRIVADOS DE CAQUETA,55,Menor,12,Menor,14%,32%,44%,10%,N.D.,N.D.,N.D.,N.D.,N.D.,N.D.,N.D.,N.D.,N.D.,N.D.,N.D.,N.D.,N.D.,N.D.,N.D.,N.D.,N.D.,N.D.,N.D.,N.D.,N.D.,N.D.,N.D.,N.D.,N.D.,N.D.,Ciencias Naturales
GC 1 DE CAQUETA,45,Mayor,7,Mayor,27%,62%,11%,0%,N.D.,N.D.,N.D.,N.D.,N.D.,N.D.,N.D.,N.D.,N.D.,N.D.,N.D.,N.D.,N.D.,N.D.,N.D.,N.D.,N.D.,N.D.,N.D.,N.D.,N.D.,N.D.,N.D.,N.D.,N.D.,N.D.,Ciencias Naturales
GC 2 DE CAQUETA,48,Similar,9,Similar,21%,57%,21%,1%,N.D.,N.D.,N.D.,N.D.,N.D.,N.D.,N.D.,N.D.,N.D.,N.D.,N.D.,N.D.,N.D.,N.D.,N.D.,N.D.,N.D.,N.D.,N.D.,N.D.,N.D.,N.D.,N.D.,N.D.,N.D.,N.D.,Ciencias Naturales
GC 3 DE CAQUETA,57,Menor,10,Similar,5%,40%,48%,7%,N.D.,N.D.,N.D.,N.D.,N.D.,N.D.,N.D.,N.D.,N.D.,N.D.,N.D.,N.D.,N.D.,N.D.,N.D.,N.D.,N.D.,N.D.,N.D.,N.D.,N.D.,N.D.,N.D.,N.D.,N.D.,N.D.,Ciencias Naturales
GC 4 DE CAQUETA,68,Menor,9,Similar,0%,0%,50%,50%,N.D.,N.D.,N.D.,N.D.,N.D.,N.D.,N.D.,N.D.,N.D.,N.D.,N.D.,N.D.,N.D.,N.D.,N.D.,N.D.,N.D.,N.D.,N.D.,N.D.,N.D.,N.D.,N.D.,N.D.,N.D.,N.D.,Ciencias Naturales
CASANARE,52,,10,,14%,52%,32%,3%,38%,51%,33%,50%,61%,36%,40%,53%,51%,35%,29%,58%,32%,57%,46%,50%,43%,63%,55%,52%,44%,N.D.,62%,41%,46%,49%,Ciencias Naturales
OFICIALES URBANOS DE CASANARE,51,Similar,9,Similar,13%,54%,31%,2%,N.D.,N.D.,N.D.,N.D.,N.D.,N.D.,N.D.,N.D.,N.D.,N.D.,N.D.,N.D.,N.D.,N.D.,N.D.,N.D.,N.D.,N.D.,N.D.,N.D.,N.D.,N.D.,N.D.,N.D.,N.D.,N.D.,Ciencias Naturales
OFICIALES RURALES DE CASANARE,49,Similar,10,Similar,22%,52%,24%,2%,N.D.,N.D.,N.D.,N.D.,N.D.,N.D.,N.D.,N.D.,N.D.,N.D.,N.D.,N.D.,N.D.,N.D.,N.D.,N.D.,N.D.,N.D.,N.D.,N.D.,N.D.,N.D.,N.D.,N.D.,N.D.,N.D.,Ciencias Naturales
PRIVADOS DE CASANARE,58,Menor,11,Similar,7%,31%,49%,13%,N.D.,N.D.,N.D.,N.D.,N.D.,N.D.,N.D.,N.D.,N.D.,N.D.,N.D.,N.D.,N.D.,N.D.,N.D.,N.D.,N.D.,N.D.,N.D.,N.D.,N.D.,N.D.,N.D.,N.D.,N.D.,N.D.,Ciencias Naturales
GC 1 DE CASANARE,49,Similar,11,Similar,24%,51%,22%,3%,N.D.,N.D.,N.D.,N.D.,N.D.,N.D.,N.D.,N.D.,N.D.,N.D.,N.D.,N.D.,N.D.,N.D.,N.D.,N.D.,N.D.,N.D.,N.D.,N.D.,N.D.,N.D.,N.D.,N.D.,N.D.,N.D.,Ciencias Naturales
GC 2 DE CASANARE,51,Similar,9,Similar,14%,55%,29%,2%,N.D.,N.D.,N.D.,N.D.,N.D.,N.D.,N.D.,N.D.,N.D.,N.D.,N.D.,N.D.,N.D.,N.D.,N.D.,N.D.,N.D.,N.D.,N.D.,N.D.,N.D.,N.D.,N.D.,N.D.,N.D.,N.D.,Ciencias Naturales
GC 3 DE CASANARE,58,Menor,10,Similar,5%,34%,53%,9%,N.D.,N.D.,N.D.,N.D.,N.D.,N.D.,N.D.,N.D.,N.D.,N.D.,N.D.,N.D.,N.D.,N.D.,N.D.,N.D.,N.D.,N.D.,N.D.,N.D.,N.D.,N.D.,N.D.,N.D.,N.D.,N.D.,Ciencias Naturales
GC 4 DE CASANARE,66,Menor,10,Similar,7%,0%,60%,33%,N.D.,N.D.,N.D.,N.D.,N.D.,N.D.,N.D.,N.D.,N.D.,N.D.,N.D.,N.D.,N.D.,N.D.,N.D.,N.D.,N.D.,N.D.,N.D.,N.D.,N.D.,N.D.,N.D.,N.D.,N.D.,N.D.,Ciencias Naturales
CAUCA,47,,10,,28%,52%,18%,1%,45%,57%,41%,57%,67%,47%,49%,61%,58%,45%,40%,65%,42%,62%,53%,58%,50%,68%,62%,58%,53%,N.D.,67%,51%,52%,59%,Ciencias Naturales
OFICIALES URBANOS DE CAUCA,49,Similar,10,Similar,22%,50%,25%,2%,N.D.,N.D.,N.D.,N.D.,N.D.,N.D.,N.D.,N.D.,N.D.,N.D.,N.D.,N.D.,N.D.,N.D.,N.D.,N.D.,N.D.,N.D.,N.D.,N.D.,N.D.,N.D.,N.D.,N.D.,N.D.,N.D.,Ciencias Naturales
OFICIALES RURALES DE CAUCA,44,Similar,8,Mayor,36%,54%,9%,0%,N.D.,N.D.,N.D.,N.D.,N.D.,N.D.,N.D.,N.D.,N.D.,N.D.,N.D.,N.D.,N.D.,N.D.,N.D.,N.D.,N.D.,N.D.,N.D.,N.D.,N.D.,N.D.,N.D.,N.D.,N.D.,N.D.,Ciencias Naturales
PRIVADOS DE CAUCA,49,Similar,11,Similar,25%,47%,24%,3%,N.D.,N.D.,N.D.,N.D.,N.D.,N.D.,N.D.,N.D.,N.D.,N.D.,N.D.,N.D.,N.D.,N.D.,N.D.,N.D.,N.D.,N.D.,N.D.,N.D.,N.D.,N.D.,N.D.,N.D.,N.D.,N.D.,Ciencias Naturales
GC 1 DE CAUCA,43,Mayor,8,Mayor,41%,52%,7%,0%,N.D.,N.D.,N.D.,N.D.,N.D.,N.D.,N.D.,N.D.,N.D.,N.D.,N.D.,N.D.,N.D.,N.D.,N.D.,N.D.,N.D.,N.D.,N.D.,N.D.,N.D.,N.D.,N.D.,N.D.,N.D.,N.D.,Ciencias Naturales
GC 2 DE CAUCA,47,Similar,9,Similar,28%,54%,18%,1%,N.D.,N.D.,N.D.,N.D.,N.D.,N.D.,N.D.,N.D.,N.D.,N.D.,N.D.,N.D.,N.D.,N.D.,N.D.,N.D.,N.D.,N.D.,N.D.,N.D.,N.D.,N.D.,N.D.,N.D.,N.D.,N.D.,Ciencias Naturales
GC 3 DE CAUCA,56,Menor,10,Similar,8%,36%,49%,7%,N.D.,N.D.,N.D.,N.D.,N.D.,N.D.,N.D.,N.D.,N.D.,N.D.,N.D.,N.D.,N.D.,N.D.,N.D.,N.D.,N.D.,N.D.,N.D.,N.D.,N.D.,N.D.,N.D.,N.D.,N.D.,N.D.,Ciencias Naturales
GC 4 DE CAUCA,N.D.,N.D.,N.D.,N.D.,N.D.,N.D.,N.D.,N.D.,N.D.,N.D.,N.D.,N.D.,N.D.,N.D.,N.D.,N.D.,N.D.,N.D.,N.D.,N.D.,N.D.,N.D.,N.D.,N.D.,N.D.,N.D.,N.D.,N.D.,N.D.,N.D.,N.D.,N.D.,N.D.,N.D.,Ciencias Naturales
CESAR,49,,10,,23%,51%,24%,3%,45%,54%,38%,54%,64%,42%,45%,57%,55%,42%,36%,62%,39%,60%,49%,54%,48%,65%,59%,55%,48%,N.D.,64%,45%,50%,55%,Ciencias Naturales
OFICIALES URBANOS DE CESAR,49,Similar,10,Similar,20%,53%,24%,2%,N.D.,N.D.,N.D.,N.D.,N.D.,N.D.,N.D.,N.D.,N.D.,N.D.,N.D.,N.D.,N.D.,N.D.,N.D.,N.D.,N.D.,N.D.,N.D.,N.D.,N.D.,N.D.,N.D.,N.D.,N.D.,N.D.,Ciencias Naturales
OFICIALES RURALES DE CESAR,45,Mayor,9,Similar,33%,55%,12%,0%,N.D.,N.D.,N.D.,N.D.,N.D.,N.D.,N.D.,N.D.,N.D.,N.D.,N.D.,N.D.,N.D.,N.D.,N.D.,N.D.,N.D.,N.D.,N.D.,N.D.,N.D.,N.D.,N.D.,N.D.,N.D.,N.D.,Ciencias Naturales
PRIVADOS DE CESAR,54,Menor,12,Menor,16%,35%,39%,9%,N.D.,N.D.,N.D.,N.D.,N.D.,N.D.,N.D.,N.D.,N.D.,N.D.,N.D.,N.D.,N.D.,N.D.,N.D.,N.D.,N.D.,N.D.,N.D.,N.D.,N.D.,N.D.,N.D.,N.D.,N.D.,N.D.,Ciencias Naturales
GC 1 DE CESAR,44,Mayor,8,Mayor,36%,56%,8%,0%,N.D.,N.D.,N.D.,N.D.,N.D.,N.D.,N.D.,N.D.,N.D.,N.D.,N.D.,N.D.,N.D.,N.D.,N.D.,N.D.,N.D.,N.D.,N.D.,N.D.,N.D.,N.D.,N.D.,N.D.,N.D.,N.D.,Ciencias Naturales
GC 2 DE CESAR,48,Similar,9,Similar,25%,54%,20%,1%,N.D.,N.D.,N.D.,N.D.,N.D.,N.D.,N.D.,N.D.,N.D.,N.D.,N.D.,N.D.,N.D.,N.D.,N.D.,N.D.,N.D.,N.D.,N.D.,N.D.,N.D.,N.D.,N.D.,N.D.,N.D.,N.D.,Ciencias Naturales
GC 3 DE CESAR,59,Menor,11,Similar,6%,30%,50%,13%,N.D.,N.D.,N.D.,N.D.,N.D.,N.D.,N.D.,N.D.,N.D.,N.D.,N.D.,N.D.,N.D.,N.D.,N.D.,N.D.,N.D.,N.D.,N.D.,N.D.,N.D.,N.D.,N.D.,N.D.,N.D.,N.D.,Ciencias Naturales
CHOCO,41,,8,,56%,38%,6%,0%,60%,67%,56%,67%,72%,62%,60%,70%,67%,56%,57%,71%,58%,70%,64%,65%,63%,73%,68%,66%,63%,N.D.,73%,63%,64%,68%,Ciencias Naturales
OFICIALES URBANOS DE CHOCO,42,Similar,8,Similar,49%,43%,7%,0%,N.D.,N.D.,N.D.,N.D.,N.D.,N.D.,N.D.,N.D.,N.D.,N.D.,N.D.,N.D.,N.D.,N.D.,N.D.,N.D.,N.D.,N.D.,N.D.,N.D.,N.D.,N.D.,N.D.,N.D.,N.D.,N.D.,Ciencias Naturales
OFICIALES RURALES DE CHOCO,38,Similar,6,Mayor,72%,25%,2%,0%,N.D.,N.D.,N.D.,N.D.,N.D.,N.D.,N.D.,N.D.,N.D.,N.D.,N.D.,N.D.,N.D.,N.D.,N.D.,N.D.,N.D.,N.D.,N.D.,N.D.,N.D.,N.D.,N.D.,N.D.,N.D.,N.D.,Ciencias Naturales
PRIVADOS DE CHOCO,44,Similar,9,Similar,44%,40%,16%,0%,N.D.,N.D.,N.D.,N.D.,N.D.,N.D.,N.D.,N.D.,N.D.,N.D.,N.D.,N.D.,N.D.,N.D.,N.D.,N.D.,N.D.,N.D.,N.D.,N.D.,N.D.,N.D.,N.D.,N.D.,N.D.,N.D.,Ciencias Naturales
GC 1 DE CHOCO,38,Similar,7,Similar,72%,25%,3%,0%,N.D.,N.D.,N.D.,N.D.,N.D.,N.D.,N.D.,N.D.,N.D.,N.D.,N.D.,N.D.,N.D.,N.D.,N.D.,N.D.,N.D.,N.D.,N.D.,N.D.,N.D.,N.D.,N.D.,N.D.,N.D.,N.D.,Ciencias Naturales
GC 2 DE CHOCO,41,Similar,8,Similar,57%,38%,5%,0%,N.D.,N.D.,N.D.,N.D.,N.D.,N.D.,N.D.,N.D.,N.D.,N.D.,N.D.,N.D.,N.D.,N.D.,N.D.,N.D.,N.D.,N.D.,N.D.,N.D.,N.D.,N.D.,N.D.,N.D.,N.D.,N.D.,Ciencias Naturales
GC 3 DE CHOCO,48,Menor,9,Similar,22%,56%,21%,1%,N.D.,N.D.,N.D.,N.D.,N.D.,N.D.,N.D.,N.D.,N.D.,N.D.,N.D.,N.D.,N.D.,N.D.,N.D.,N.D.,N.D.,N.D.,N.D.,N.D.,N.D.,N.D.,N.D.,N.D.,N.D.,N.D.,Ciencias Naturales
CORDOBA,49,,10,,24%,50%,24%,2%,46%,54%,39%,55%,64%,44%,45%,57%,55%,42%,36%,61%,38%,61%,50%,54%,49%,65%,60%,53%,48%,N.D.,64%,46%,51%,54%,Ciencias Naturales
OFICIALES URBANOS DE CORDOBA,49,Similar,10,Similar,20%,52%,26%,2%,N.D.,N.D.,N.D.,N.D.,N.D.,N.D.,N.D.,N.D.,N.D.,N.D.,N.D.,N.D.,N.D.,N.D.,N.D.,N.D.,N.D.,N.D.,N.D.,N.D.,N.D.,N.D.,N.D.,N.D.,N.D.,N.D.,Ciencias Naturales
OFICIALES RURALES DE CORDOBA,46,Similar,9,Similar,32%,53%,15%,0%,N.D.,N.D.,N.D.,N.D.,N.D.,N.D.,N.D.,N.D.,N.D.,N.D.,N.D.,N.D.,N.D.,N.D.,N.D.,N.D.,N.D.,N.D.,N.D.,N.D.,N.D.,N.D.,N.D.,N.D.,N.D.,N.D.,Ciencias Naturales
PRIVADOS DE CORDOBA,57,Menor,12,Menor,10%,33%,46%,11%,N.D.,N.D.,N.D.,N.D.,N.D.,N.D.,N.D.,N.D.,N.D.,N.D.,N.D.,N.D.,N.D.,N.D.,N.D.,N.D.,N.D.,N.D.,N.D.,N.D.,N.D.,N.D.,N.D.,N.D.,N.D.,N.D.,Ciencias Naturales
GC 1 DE CORDOBA,45,Mayor,8,Mayor,33%,54%,13%,0%,N.D.,N.D.,N.D.,N.D.,N.D.,N.D.,N.D.,N.D.,N.D.,N.D.,N.D.,N.D.,N.D.,N.D.,N.D.,N.D.,N.D.,N.D.,N.D.,N.D.,N.D.,N.D.,N.D.,N.D.,N.D.,N.D.,Ciencias Naturales
GC 2 DE CORDOBA,49,Similar,10,Similar,23%,52%,24%,2%,N.D.,N.D.,N.D.,N.D.,N.D.,N.D.,N.D.,N.D.,N.D.,N.D.,N.D.,N.D.,N.D.,N.D.,N.D.,N.D.,N.D.,N.D.,N.D.,N.D.,N.D.,N.D.,N.D.,N.D.,N.D.,N.D.,Ciencias Naturales
GC 3 DE CORDOBA,60,Menor,10,Similar,4%,28%,53%,14%,N.D.,N.D.,N.D.,N.D.,N.D.,N.D.,N.D.,N.D.,N.D.,N.D.,N.D.,N.D.,N.D.,N.D.,N.D.,N.D.,N.D.,N.D.,N.D.,N.D.,N.D.,N.D.,N.D.,N.D.,N.D.,N.D.,Ciencias Naturales
GC 4 DE CORDOBA,61,Menor,9,Similar,4%,16%,67%,12%,N.D.,N.D.,N.D.,N.D.,N.D.,N.D.,N.D.,N.D.,N.D.,N.D.,N.D.,N.D.,N.D.,N.D.,N.D.,N.D.,N.D.,N.D.,N.D.,N.D.,N.D.,N.D.,N.D.,N.D.,N.D.,N.D.,Ciencias Naturales
CUNDINAMARCA,53,,10,,11%,50%,36%,3%,36%,49%,33%,48%,61%,32%,38%,53%,49%,32%,26%,56%,31%,55%,43%,49%,39%,62%,54%,50%,41%,N.D.,59%,39%,46%,48%,Ciencias Naturales
OFICIALES URBANOS DE CUNDINAMARCA,51,Similar,9,Similar,14%,55%,30%,2%,N.D.,N.D.,N.D.,N.D.,N.D.,N.D.,N.D.,N.D.,N.D.,N.D.,N.D.,N.D.,N.D.,N.D.,N.D.,N.D.,N.D.,N.D.,N.D.,N.D.,N.D.,N.D.,N.D.,N.D.,N.D.,N.D.,Ciencias Naturales
OFICIALES RURALES DE CUNDINAMARCA,51,Similar,9,Similar,14%,55%,30%,2%,N.D.,N.D.,N.D.,N.D.,N.D.,N.D.,N.D.,N.D.,N.D.,N.D.,N.D.,N.D.,N.D.,N.D.,N.D.,N.D.,N.D.,N.D.,N.D.,N.D.,N.D.,N.D.,N.D.,N.D.,N.D.,N.D.,Ciencias Naturales
PRIVADOS DE CUNDINAMARCA,56,Similar,10,Similar,7%,39%,48%,6%,N.D.,N.D.,N.D.,N.D.,N.D.,N.D.,N.D.,N.D.,N.D.,N.D.,N.D.,N.D.,N.D.,N.D.,N.D.,N.D.,N.D.,N.D.,N.D.,N.D.,N.D.,N.D.,N.D.,N.D.,N.D.,N.D.,Ciencias Naturales
GC 1 DE CUNDINAMARCA,48,Mayor,9,Similar,25%,54%,21%,0%,N.D.,N.D.,N.D.,N.D.,N.D.,N.D.,N.D.,N.D.,N.D.,N.D.,N.D.,N.D.,N.D.,N.D.,N.D.,N.D.,N.D.,N.D.,N.D.,N.D.,N.D.,N.D.,N.D.,N.D.,N.D.,N.D.,Ciencias Naturales
GC 2 DE CUNDINAMARCA,50,Similar,9,Similar,16%,57%,25%,1%,N.D.,N.D.,N.D.,N.D.,N.D.,N.D.,N.D.,N.D.,N.D.,N.D.,N.D.,N.D.,N.D.,N.D.,N.D.,N.D.,N.D.,N.D.,N.D.,N.D.,N.D.,N.D.,N.D.,N.D.,N.D.,N.D.,Ciencias Naturales
GC 3 DE CUNDINAMARCA,54,Similar,9,Similar,8%,46%,42%,4%,N.D.,N.D.,N.D.,N.D.,N.D.,N.D.,N.D.,N.D.,N.D.,N.D.,N.D.,N.D.,N.D.,N.D.,N.D.,N.D.,N.D.,N.D.,N.D.,N.D.,N.D.,N.D.,N.D.,N.D.,N.D.,N.D.,Ciencias Naturales
GC 4 DE CUNDINAMARCA,64,Menor,8,Mayor,0%,13%,67%,20%,N.D.,N.D.,N.D.,N.D.,N.D.,N.D.,N.D.,N.D.,N.D.,N.D.,N.D.,N.D.,N.D.,N.D.,N.D.,N.D.,N.D.,N.D.,N.D.,N.D.,N.D.,N.D.,N.D.,N.D.,N.D.,N.D.,Ciencias Naturales
GUAINIA,44,,9,,43%,46%,11%,1%,52%,60%,44%,63%,71%,58%,53%,68%,71%,42%,50%,74%,45%,57%,63%,64%,60%,72%,66%,56%,59%,N.D.,72%,60%,51%,69%,Ciencias Naturales
OFICIALES URBANOS DE GUAINIA,45,Similar,10,Similar,37%,46%,16%,1%,N.D.,N.D.,N.D.,N.D.,N.D.,N.D.,N.D.,N.D.,N.D.,N.D.,N.D.,N.D.,N.D.,N.D.,N.D.,N.D.,N.D.,N.D.,N.D.,N.D.,N.D.,N.D.,N.D.,N.D.,N.D.,N.D.,Ciencias Naturales
OFICIALES RURALES DE GUAINIA,41,Similar,6,Mayor,52%,45%,3%,0%,N.D.,N.D.,N.D.,N.D.,N.D.,N.D.,N.D.,N.D.,N.D.,N.D.,N.D.,N.D.,N.D.,N.D.,N.D.,N.D.,N.D.,N.D.,N.D.,N.D.,N.D.,N.D.,N.D.,N.D.,N.D.,N.D.,Ciencias Naturales
GC 1 DE GUAINIA,41,Similar,8,Similar,60%,34%,6%,0%,N.D.,N.D.,N.D.,N.D.,N.D.,N.D.,N.D.,N.D.,N.D.,N.D.,N.D.,N.D.,N.D.,N.D.,N.D.,N.D.,N.D.,N.D.,N.D.,N.D.,N.D.,N.D.,N.D.,N.D.,N.D.,N.D.,Ciencias Naturales
GC 2 DE GUAINIA,48,Menor,9,Similar,18%,63%,19%,1%,N.D.,N.D.,N.D.,N.D.,N.D.,N.D.,N.D.,N.D.,N.D.,N.D.,N.D.,N.D.,N.D.,N.D.,N.D.,N.D.,N.D.,N.D.,N.D.,N.D.,N.D.,N.D.,N.D.,N.D.,N.D.,N.D.,Ciencias Naturales
GUAVIARE,48,,9,,23%,57%,20%,1%,43%,56%,39%,56%,64%,44%,48%,59%,58%,43%,34%,66%,39%,61%,52%,60%,49%,69%,64%,59%,52%,N.D.,68%,50%,51%,57%,Ciencias Naturales
OFICIALES URBANOS DE GUAVIARE,49,Similar,9,Similar,16%,57%,26%,1%,N.D.,N.D.,N.D.,N.D.,N.D.,N.D.,N.D.,N.D.,N.D.,N.D.,N.D.,N.D.,N.D.,N.D.,N.D.,N.D.,N.D.,N.D.,N.D.,N.D.,N.D.,N.D.,N.D.,N.D.,N.D.,N.D.,Ciencias Naturales
OFICIALES RURALES DE GUAVIARE,45,Similar,8,Similar,35%,55%,10%,0%,N.D.,N.D.,N.D.,N.D.,N.D.,N.D.,N.D.,N.D.,N.D.,N.D.,N.D.,N.D.,N.D.,N.D.,N.D.,N.D.,N.D.,N.D.,N.D.,N.D.,N.D.,N.D.,N.D.,N.D.,N.D.,N.D.,Ciencias Naturales
PRIVADOS DE GUAVIARE,47,Similar,9,Similar,24%,59%,16%,2%,N.D.,N.D.,N.D.,N.D.,N.D.,N.D.,N.D.,N.D.,N.D.,N.D.,N.D.,N.D.,N.D.,N.D.,N.D.,N.D.,N.D.,N.D.,N.D.,N.D.,N.D.,N.D.,N.D.,N.D.,N.D.,N.D.,Ciencias Naturales
GC 1 DE GUAVIARE,45,Similar,8,Similar,32%,58%,9%,1%,N.D.,N.D.,N.D.,N.D.,N.D.,N.D.,N.D.,N.D.,N.D.,N.D.,N.D.,N.D.,N.D.,N.D.,N.D.,N.D.,N.D.,N.D.,N.D.,N.D.,N.D.,N.D.,N.D.,N.D.,N.D.,N.D.,Ciencias Naturales
GC 2 DE GUAVIARE,48,Similar,9,Similar,23%,57%,19%,1%,N.D.,N.D.,N.D.,N.D.,N.D.,N.D.,N.D.,N.D.,N.D.,N.D.,N.D.,N.D.,N.D.,N.D.,N.D.,N.D.,N.D.,N.D.,N.D.,N.D.,N.D.,N.D.,N.D.,N.D.,N.D.,N.D.,Ciencias Naturales
GC 3 DE GUAVIARE,52,Menor,9,Similar,11%,51%,35%,3%,N.D.,N.D.,N.D.,N.D.,N.D.,N.D.,N.D.,N.D.,N.D.,N.D.,N.D.,N.D.,N.D.,N.D.,N.D.,N.D.,N.D.,N.D.,N.D.,N.D.,N.D.,N.D.,N.D.,N.D.,N.D.,N.D.,Ciencias Naturales
HUILA,52,,10,,13%,51%,32%,4%,37%,50%,33%,50%,61%,35%,39%,51%,50%,35%,28%,58%,32%,55%,45%,49%,41%,63%,55%,50%,43%,N.D.,60%,39%,45%,49%,Ciencias Naturales
OFICIALES URBANOS DE HUILA,52,Similar,10,Similar,13%,50%,34%,3%,N.D.,N.D.,N.D.,N.D.,N.D.,N.D.,N.D.,N.D.,N.D.,N.D.,N.D.,N.D.,N.D.,N.D.,N.D.,N.D.,N.D.,N.D.,N.D.,N.D.,N.D.,N.D.,N.D.,N.D.,N.D.,N.D.,Ciencias Naturales
OFICIALES RURALES DE HUILA,49,Similar,9,Similar,17%,58%,24%,1%,N.D.,N.D.,N.D.,N.D.,N.D.,N.D.,N.D.,N.D.,N.D.,N.D.,N.D.,N.D.,N.D.,N.D.,N.D.,N.D.,N.D.,N.D.,N.D.,N.D.,N.D.,N.D.,N.D.,N.D.,N.D.,N.D.,Ciencias Naturales
PRIVADOS DE HUILA,58,Menor,11,Similar,7%,35%,45%,14%,N.D.,N.D.,N.D.,N.D.,N.D.,N.D.,N.D.,N.D.,N.D.,N.D.,N.D.,N.D.,N.D.,N.D.,N.D.,N.D.,N.D.,N.D.,N.D.,N.D.,N.D.,N.D.,N.D.,N.D.,N.D.,N.D.,Ciencias Naturales
GC 1 DE HUILA,48,Mayor,8,Mayor,21%,59%,18%,1%,N.D.,N.D.,N.D.,N.D.,N.D.,N.D.,N.D.,N.D.,N.D.,N.D.,N.D.,N.D.,N.D.,N.D.,N.D.,N.D.,N.D.,N.D.,N.D.,N.D.,N.D.,N.D.,N.D.,N.D.,N.D.,N.D.,Ciencias Naturales
GC 2 DE HUILA,51,Similar,10,Similar,15%,53%,29%,2%,N.D.,N.D.,N.D.,N.D.,N.D.,N.D.,N.D.,N.D.,N.D.,N.D.,N.D.,N.D.,N.D.,N.D.,N.D.,N.D.,N.D.,N.D.,N.D.,N.D.,N.D.,N.D.,N.D.,N.D.,N.D.,N.D.,Ciencias Naturales
GC 3 DE HUILA,56,Menor,10,Similar,8%,42%,42%,8%,N.D.,N.D.,N.D.,N.D.,N.D.,N.D.,N.D.,N.D.,N.D.,N.D.,N.D.,N.D.,N.D.,N.D.,N.D.,N.D.,N.D.,N.D.,N.D.,N.D.,N.D.,N.D.,N.D.,N.D.,N.D.,N.D.,Ciencias Naturales
GC 4 DE HUILA,68,Menor,6,Mayor,0%,4%,60%,36%,N.D.,N.D.,N.D.,N.D.,N.D.,N.D.,N.D.,N.D.,N.D.,N.D.,N.D.,N.D.,N.D.,N.D.,N.D.,N.D.,N.D.,N.D.,N.D.,N.D.,N.D.,N.D.,N.D.,N.D.,N.D.,N.D.,Ciencias Naturales
LA GUAJIRA,45,,10,,35%,49%,15%,1%,51%,60%,45%,61%,69%,54%,51%,65%,63%,44%,45%,68%,44%,62%,58%,60%,58%,70%,64%,59%,53%,N.D.,70%,56%,53%,63%,Ciencias Naturales
OFICIALES URBANOS DE LA GUAJIRA,47,Similar,9,Similar,26%,56%,18%,1%,N.D.,N.D.,N.D.,N.D.,N.D.,N.D.,N.D.,N.D.,N.D.,N.D.,N.D.,N.D.,N.D.,N.D.,N.D.,N.D.,N.D.,N.D.,N.D.,N.D.,N.D.,N.D.,N.D.,N.D.,N.D.,N.D.,Ciencias Naturales
OFICIALES RURALES DE LA GUAJIRA,40,Mayor,7,Mayor,60%,38%,2%,0%,N.D.,N.D.,N.D.,N.D.,N.D.,N.D.,N.D.,N.D.,N.D.,N.D.,N.D.,N.D.,N.D.,N.D.,N.D.,N.D.,N.D.,N.D.,N.D.,N.D.,N.D.,N.D.,N.D.,N.D.,N.D.,N.D.,Ciencias Naturales
PRIVADOS DE LA GUAJIRA,55,Menor,11,Similar,10%,41%,42%,7%,N.D.,N.D.,N.D.,N.D.,N.D.,N.D.,N.D.,N.D.,N.D.,N.D.,N.D.,N.D.,N.D.,N.D.,N.D.,N.D.,N.D.,N.D.,N.D.,N.D.,N.D.,N.D.,N.D.,N.D.,N.D.,N.D.,Ciencias Naturales
GC 1 DE LA GUAJIRA,40,Mayor,7,Mayor,61%,36%,3%,0%,N.D.,N.D.,N.D.,N.D.,N.D.,N.D.,N.D.,N.D.,N.D.,N.D.,N.D.,N.D.,N.D.,N.D.,N.D.,N.D.,N.D.,N.D.,N.D.,N.D.,N.D.,N.D.,N.D.,N.D.,N.D.,N.D.,Ciencias Naturales
GC 2 DE LA GUAJIRA,46,Similar,9,Similar,30%,55%,15%,0%,N.D.,N.D.,N.D.,N.D.,N.D.,N.D.,N.D.,N.D.,N.D.,N.D.,N.D.,N.D.,N.D.,N.D.,N.D.,N.D.,N.D.,N.D.,N.D.,N.D.,N.D.,N.D.,N.D.,N.D.,N.D.,N.D.,Ciencias Naturales
GC 3 DE LA GUAJIRA,55,Menor,10,Similar,9%,45%,40%,6%,N.D.,N.D.,N.D.,N.D.,N.D.,N.D.,N.D.,N.D.,N.D.,N.D.,N.D.,N.D.,N.D.,N.D.,N.D.,N.D.,N.D.,N.D.,N.D.,N.D.,N.D.,N.D.,N.D.,N.D.,N.D.,N.D.,Ciencias Naturales
MAGDALENA,46,,10,,34%,49%,17%,1%,51%,60%,44%,58%,68%,49%,50%,62%,60%,48%,42%,65%,45%,64%,54%,60%,53%,69%,64%,61%,54%,N.D.,68%,52%,54%,59%,Ciencias Naturales
OFICIALES URBANOS DE MAGDALENA,46,Similar,9,Similar,32%,52%,16%,1%,N.D.,N.D.,N.D.,N.D.,N.D.,N.D.,N.D.,N.D.,N.D.,N.D.,N.D.,N.D.,N.D.,N.D.,N.D.,N.D.,N.D.,N.D.,N.D.,N.D.,N.D.,N.D.,N.D.,N.D.,N.D.,N.D.,Ciencias Naturales
OFICIALES RURALES DE MAGDALENA,43,Similar,8,Mayor,45%,48%,7%,0%,N.D.,N.D.,N.D.,N.D.,N.D.,N.D.,N.D.,N.D.,N.D.,N.D.,N.D.,N.D.,N.D.,N.D.,N.D.,N.D.,N.D.,N.D.,N.D.,N.D.,N.D.,N.D.,N.D.,N.D.,N.D.,N.D.,Ciencias Naturales
PRIVADOS DE MAGDALENA,53,Menor,11,Similar,17%,38%,40%,4%,N.D.,N.D.,N.D.,N.D.,N.D.,N.D.,N.D.,N.D.,N.D.,N.D.,N.D.,N.D.,N.D.,N.D.,N.D.,N.D.,N.D.,N.D.,N.D.,N.D.,N.D.,N.D.,N.D.,N.D.,N.D.,N.D.,Ciencias Naturales
GC 1 DE MAGDALENA,42,Mayor,8,Mayor,48%,46%,7%,0%,N.D.,N.D.,N.D.,N.D.,N.D.,N.D.,N.D.,N.D.,N.D.,N.D.,N.D.,N.D.,N.D.,N.D.,N.D.,N.D.,N.D.,N.D.,N.D.,N.D.,N.D.,N.D.,N.D.,N.D.,N.D.,N.D.,Ciencias Naturales
GC 2 DE MAGDALENA,45,Similar,9,Similar,37%,51%,12%,0%,N.D.,N.D.,N.D.,N.D.,N.D.,N.D.,N.D.,N.D.,N.D.,N.D.,N.D.,N.D.,N.D.,N.D.,N.D.,N.D.,N.D.,N.D.,N.D.,N.D.,N.D.,N.D.,N.D.,N.D.,N.D.,N.D.,Ciencias Naturales
GC 3 DE MAGDALENA,54,Menor,10,Similar,10%,42%,44%,4%,N.D.,N.D.,N.D.,N.D.,N.D.,N.D.,N.D.,N.D.,N.D.,N.D.,N.D.,N.D.,N.D.,N.D.,N.D.,N.D.,N.D.,N.D.,N.D.,N.D.,N.D.,N.D.,N.D.,N.D.,N.D.,N.D.,Ciencias Naturales
GC 4 DE MAGDALENA,46,Similar,19,Menor,50%,25%,25%,0%,N.D.,N.D.,N.D.,N.D.,N.D.,N.D.,N.D.,N.D.,N.D.,N.D.,N.D.,N.D.,N.D.,N.D.,N.D.,N.D.,N.D.,N.D.,N.D.,N.D.,N.D.,N.D.,N.D.,N.D.,N.D.,N.D.,Ciencias Naturales
META,51,,10,,15%,51%,31%,3%,38%,52%,34%,50%,62%,35%,42%,53%,52%,35%,29%,59%,33%,56%,46%,51%,42%,63%,56%,52%,44%,N.D.,61%,41%,48%,50%,Ciencias Naturales
OFICIALES URBANOS DE META,51,Similar,9,Similar,14%,54%,30%,2%,N.D.,N.D.,N.D.,N.D.,N.D.,N.D.,N.D.,N.D.,N.D.,N.D.,N.D.,N.D.,N.D.,N.D.,N.D.,N.D.,N.D.,N.D.,N.D.,N.D.,N.D.,N.D.,N.D.,N.D.,N.D.,N.D.,Ciencias Naturales
OFICIALES RURALES DE META,50,Similar,10,Similar,19%,50%,28%,2%,N.D.,N.D.,N.D.,N.D.,N.D.,N.D.,N.D.,N.D.,N.D.,N.D.,N.D.,N.D.,N.D.,N.D.,N.D.,N.D.,N.D.,N.D.,N.D.,N.D.,N.D.,N.D.,N.D.,N.D.,N.D.,N.D.,Ciencias Naturales
PRIVADOS DE META,53,Similar,12,Menor,17%,40%,36%,8%,N.D.,N.D.,N.D.,N.D.,N.D.,N.D.,N.D.,N.D.,N.D.,N.D.,N.D.,N.D.,N.D.,N.D.,N.D.,N.D.,N.D.,N.D.,N.D.,N.D.,N.D.,N.D.,N.D.,N.D.,N.D.,N.D.,Ciencias Naturales
GC 1 DE META,44,Mayor,8,Mayor,38%,51%,12%,0%,N.D.,N.D.,N.D.,N.D.,N.D.,N.D.,N.D.,N.D.,N.D.,N.D.,N.D.,N.D.,N.D.,N.D.,N.D.,N.D.,N.D.,N.D.,N.D.,N.D.,N.D.,N.D.,N.D.,N.D.,N.D.,N.D.,Ciencias Naturales
GC 2 DE META,49,Similar,9,Similar,19%,55%,25%,1%,N.D.,N.D.,N.D.,N.D.,N.D.,N.D.,N.D.,N.D.,N.D.,N.D.,N.D.,N.D.,N.D.,N.D.,N.D.,N.D.,N.D.,N.D.,N.D.,N.D.,N.D.,N.D.,N.D.,N.D.,N.D.,N.D.,Ciencias Naturales
GC 3 DE META,55,Menor,10,Similar,7%,44%,44%,5%,N.D.,N.D.,N.D.,N.D.,N.D.,N.D.,N.D.,N.D.,N.D.,N.D.,N.D.,N.D.,N.D.,N.D.,N.D.,N.D.,N.D.,N.D.,N.D.,N.D.,N.D.,N.D.,N.D.,N.D.,N.D.,N.D.,Ciencias Naturales
GC 4 DE META,67,Menor,8,Mayor,2%,4%,60%,34%,N.D.,N.D.,N.D.,N.D.,N.D.,N.D.,N.D.,N.D.,N.D.,N.D.,N.D.,N.D.,N.D.,N.D.,N.D.,N.D.,N.D.,N.D.,N.D.,N.D.,N.D.,N.D.,N.D.,N.D.,N.D.,N.D.,Ciencias Naturales
NARIÑO,51,,10,,19%,47%,31%,3%,41%,52%,36%,52%,62%,38%,42%,53%,52%,38%,32%,60%,37%,58%,47%,50%,44%,64%,58%,52%,44%,N.D.,61%,43%,48%,52%,Ciencias Naturales
OFICIALES URBANOS DE NARIÑO,51,Similar,10,Similar,18%,47%,33%,3%,N.D.,N.D.,N.D.,N.D.,N.D.,N.D.,N.D.,N.D.,N.D.,N.D.,N.D.,N.D.,N.D.,N.D.,N.D.,N.D.,N.D.,N.D.,N.D.,N.D.,N.D.,N.D.,N.D.,N.D.,N.D.,N.D.,Ciencias Naturales
OFICIALES RURALES DE NARIÑO,48,Similar,10,Similar,26%,52%,21%,1%,N.D.,N.D.,N.D.,N.D.,N.D.,N.D.,N.D.,N.D.,N.D.,N.D.,N.D.,N.D.,N.D.,N.D.,N.D.,N.D.,N.D.,N.D.,N.D.,N.D.,N.D.,N.D.,N.D.,N.D.,N.D.,N.D.,Ciencias Naturales
PRIVADOS DE NARIÑO,56,Menor,11,Similar,10%,35%,49%,7%,N.D.,N.D.,N.D.,N.D.,N.D.,N.D.,N.D.,N.D.,N.D.,N.D.,N.D.,N.D.,N.D.,N.D.,N.D.,N.D.,N.D.,N.D.,N.D.,N.D.,N.D.,N.D.,N.D.,N.D.,N.D.,N.D.,Ciencias Naturales
GC 1 DE NARIÑO,44,Mayor,9,Similar,40%,46%,13%,1%,N.D.,N.D.,N.D.,N.D.,N.D.,N.D.,N.D.,N.D.,N.D.,N.D.,N.D.,N.D.,N.D.,N.D.,N.D.,N.D.,N.D.,N.D.,N.D.,N.D.,N.D.,N.D.,N.D.,N.D.,N.D.,N.D.,Ciencias Naturales
GC 2 DE NARIÑO,50,Similar,10,Similar,18%,51%,29%,2%,N.D.,N.D.,N.D.,N.D.,N.D.,N.D.,N.D.,N.D.,N.D.,N.D.,N.D.,N.D.,N.D.,N.D.,N.D.,N.D.,N.D.,N.D.,N.D.,N.D.,N.D.,N.D.,N.D.,N.D.,N.D.,N.D.,Ciencias Naturales
GC 3 DE NARIÑO,59,Menor,9,Similar,3%,29%,58%,10%,N.D.,N.D.,N.D.,N.D.,N.D.,N.D.,N.D.,N.D.,N.D.,N.D.,N.D.,N.D.,N.D.,N.D.,N.D.,N.D.,N.D.,N.D.,N.D.,N.D.,N.D.,N.D.,N.D.,N.D.,N.D.,N.D.,Ciencias Naturales
NORTE SANTANDER,52,,10,,14%,48%,34%,4%,39%,49%,33%,48%,61%,34%,38%,51%,49%,34%,29%,57%,31%,55%,44%,49%,41%,61%,54%,50%,41%,N.D.,61%,38%,46%,48%,Ciencias Naturales
OFICIALES URBANOS DE NORTE SANTANDER,53,Similar,10,Similar,12%,49%,36%,4%,N.D.,N.D.,N.D.,N.D.,N.D.,N.D.,N.D.,N.D.,N.D.,N.D.,N.D.,N.D.,N.D.,N.D.,N.D.,N.D.,N.D.,N.D.,N.D.,N.D.,N.D.,N.D.,N.D.,N.D.,N.D.,N.D.,Ciencias Naturales
OFICIALES RURALES DE NORTE SANTANDER,47,Mayor,9,Similar,25%,58%,16%,1%,N.D.,N.D.,N.D.,N.D.,N.D.,N.D.,N.D.,N.D.,N.D.,N.D.,N.D.,N.D.,N.D.,N.D.,N.D.,N.D.,N.D.,N.D.,N.D.,N.D.,N.D.,N.D.,N.D.,N.D.,N.D.,N.D.,Ciencias Naturales
PRIVADOS DE NORTE SANTANDER,54,Similar,11,Similar,13%,40%,38%,8%,N.D.,N.D.,N.D.,N.D.,N.D.,N.D.,N.D.,N.D.,N.D.,N.D.,N.D.,N.D.,N.D.,N.D.,N.D.,N.D.,N.D.,N.D.,N.D.,N.D.,N.D.,N.D.,N.D.,N.D.,N.D.,N.D.,Ciencias Naturales
GC 1 DE NORTE SANTANDER,46,Mayor,8,Mayor,27%,62%,11%,0%,N.D.,N.D.,N.D.,N.D.,N.D.,N.D.,N.D.,N.D.,N.D.,N.D.,N.D.,N.D.,N.D.,N.D.,N.D.,N.D.,N.D.,N.D.,N.D.,N.D.,N.D.,N.D.,N.D.,N.D.,N.D.,N.D.,Ciencias Naturales
GC 2 DE NORTE SANTANDER,51,Similar,10,Similar,15%,52%,30%,3%,N.D.,N.D.,N.D.,N.D.,N.D.,N.D.,N.D.,N.D.,N.D.,N.D.,N.D.,N.D.,N.D.,N.D.,N.D.,N.D.,N.D.,N.D.,N.D.,N.D.,N.D.,N.D.,N.D.,N.D.,N.D.,N.D.,Ciencias Naturales
GC 3 DE NORTE SANTANDER,58,Menor,10,Similar,5%,33%,51%,11%,N.D.,N.D.,N.D.,N.D.,N.D.,N.D.,N.D.,N.D.,N.D.,N.D.,N.D.,N.D.,N.D.,N.D.,N.D.,N.D.,N.D.,N.D.,N.D.,N.D.,N.D.,N.D.,N.D.,N.D.,N.D.,N.D.,Ciencias Naturales
GC 4 DE NORTE SANTANDER,66,Menor,8,Mayor,0%,11%,56%,33%,N.D.,N.D.,N.D.,N.D.,N.D.,N.D.,N.D.,N.D.,N.D.,N.D.,N.D.,N.D.,N.D.,N.D.,N.D.,N.D.,N.D.,N.D.,N.D.,N.D.,N.D.,N.D.,N.D.,N.D.,N.D.,N.D.,Ciencias Naturales
PUTUMAYO,49,,10,,21%,54%,23%,1%,42%,55%,39%,55%,64%,42%,43%,58%,57%,42%,34%,62%,38%,61%,50%,54%,46%,66%,59%,55%,49%,N.D.,64%,46%,52%,55%,Ciencias Naturales
OFICIALES URBANOS DE PUTUMAYO,51,Similar,10,Similar,15%,54%,29%,2%,N.D.,N.D.,N.D.,N.D.,N.D.,N.D.,N.D.,N.D.,N.D.,N.D.,N.D.,N.D.,N.D.,N.D.,N.D.,N.D.,N.D.,N.D.,N.D.,N.D.,N.D.,N.D.,N.D.,N.D.,N.D.,N.D.,Ciencias Naturales
OFICIALES RURALES DE PUTUMAYO,45,Mayor,8,Mayor,32%,56%,12%,0%,N.D.,N.D.,N.D.,N.D.,N.D.,N.D.,N.D.,N.D.,N.D.,N.D.,N.D.,N.D.,N.D.,N.D.,N.D.,N.D.,N.D.,N.D.,N.D.,N.D.,N.D.,N.D.,N.D.,N.D.,N.D.,N.D.,Ciencias Naturales
PRIVADOS DE PUTUMAYO,52,Similar,10,Similar,12%,50%,38%,0%,N.D.,N.D.,N.D.,N.D.,N.D.,N.D.,N.D.,N.D.,N.D.,N.D.,N.D.,N.D.,N.D.,N.D.,N.D.,N.D.,N.D.,N.D.,N.D.,N.D.,N.D.,N.D.,N.D.,N.D.,N.D.,N.D.,Ciencias Naturales
GC 1 DE PUTUMAYO,45,Mayor,8,Mayor,34%,54%,12%,0%,N.D.,N.D.,N.D.,N.D.,N.D.,N.D.,N.D.,N.D.,N.D.,N.D.,N.D.,N.D.,N.D.,N.D.,N.D.,N.D.,N.D.,N.D.,N.D.,N.D.,N.D.,N.D.,N.D.,N.D.,N.D.,N.D.,Ciencias Naturales
GC 2 DE PUTUMAYO,50,Similar,9,Similar,18%,56%,25%,1%,N.D.,N.D.,N.D.,N.D.,N.D.,N.D.,N.D.,N.D.,N.D.,N.D.,N.D.,N.D.,N.D.,N.D.,N.D.,N.D.,N.D.,N.D.,N.D.,N.D.,N.D.,N.D.,N.D.,N.D.,N.D.,N.D.,Ciencias Naturales
GC 3 DE PUTUMAYO,60,Menor,9,Similar,2%,28%,59%,11%,N.D.,N.D.,N.D.,N.D.,N.D.,N.D.,N.D.,N.D.,N.D.,N.D.,N.D.,N.D.,N.D.,N.D.,N.D.,N.D.,N.D.,N.D.,N.D.,N.D.,N.D.,N.D.,N.D.,N.D.,N.D.,N.D.,Ciencias Naturales
QUINDIO,53,,11,,14%,45%,36%,5%,36%,48%,32%,47%,60%,33%,38%,50%,48%,32%,27%,54%,31%,55%,43%,49%,39%,60%,55%,49%,41%,N.D.,59%,38%,45%,47%,Ciencias Naturales
OFICIALES URBANOS DE QUINDIO,52,Similar,10,Similar,15%,47%,35%,3%,N.D.,N.D.,N.D.,N.D.,N.D.,N.D.,N.D.,N.D.,N.D.,N.D.,N.D.,N.D.,N.D.,N.D.,N.D.,N.D.,N.D.,N.D.,N.D.,N.D.,N.D.,N.D.,N.D.,N.D.,N.D.,N.D.,Ciencias Naturales
OFICIALES RURALES DE QUINDIO,51,Similar,10,Similar,16%,51%,32%,2%,N.D.,N.D.,N.D.,N.D.,N.D.,N.D.,N.D.,N.D.,N.D.,N.D.,N.D.,N.D.,N.D.,N.D.,N.D.,N.D.,N.D.,N.D.,N.D.,N.D.,N.D.,N.D.,N.D.,N.D.,N.D.,N.D.,Ciencias Naturales
PRIVADOS DE QUINDIO,62,Menor,10,Similar,3%,22%,56%,19%,N.D.,N.D.,N.D.,N.D.,N.D.,N.D.,N.D.,N.D.,N.D.,N.D.,N.D.,N.D.,N.D.,N.D.,N.D.,N.D.,N.D.,N.D.,N.D.,N.D.,N.D.,N.D.,N.D.,N.D.,N.D.,N.D.,Ciencias Naturales
GC 2 DE QUINDIO,49,Mayor,10,Similar,20%,52%,26%,1%,N.D.,N.D.,N.D.,N.D.,N.D.,N.D.,N.D.,N.D.,N.D.,N.D.,N.D.,N.D.,N.D.,N.D.,N.D.,N.D.,N.D.,N.D.,N.D.,N.D.,N.D.,N.D.,N.D.,N.D.,N.D.,N.D.,Ciencias Naturales
GC 3 DE QUINDIO,57,Menor,10,Similar,7%,36%,48%,8%,N.D.,N.D.,N.D.,N.D.,N.D.,N.D.,N.D.,N.D.,N.D.,N.D.,N.D.,N.D.,N.D.,N.D.,N.D.,N.D.,N.D.,N.D.,N.D.,N.D.,N.D.,N.D.,N.D.,N.D.,N.D.,N.D.,Ciencias Naturales
GC 4 DE QUINDIO,61,Menor,8,Mayor,0%,24%,63%,13%,N.D.,N.D.,N.D.,N.D.,N.D.,N.D.,N.D.,N.D.,N.D.,N.D.,N.D.,N.D.,N.D.,N.D.,N.D.,N.D.,N.D.,N.D.,N.D.,N.D.,N.D.,N.D.,N.D.,N.D.,N.D.,N.D.,Ciencias Naturales
RISARALDA,51,,10,,16%,50%,31%,2%,39%,52%,34%,50%,62%,35%,40%,54%,52%,35%,30%,58%,34%,57%,46%,53%,43%,63%,57%,53%,45%,N.D.,62%,43%,48%,50%,Ciencias Naturales
OFICIALES URBANOS DE RISARALDA,51,Similar,9,Similar,15%,54%,30%,2%,N.D.,N.D.,N.D.,N.D.,N.D.,N.D.,N.D.,N.D.,N.D.,N.D.,N.D.,N.D.,N.D.,N.D.,N.D.,N.D.,N.D.,N.D.,N.D.,N.D.,N.D.,N.D.,N.D.,N.D.,N.D.,N.D.,Ciencias Naturales
OFICIALES RURALES DE RISARALDA,46,Mayor,10,Similar,31%,50%,18%,1%,N.D.,N.D.,N.D.,N.D.,N.D.,N.D.,N.D.,N.D.,N.D.,N.D.,N.D.,N.D.,N.D.,N.D.,N.D.,N.D.,N.D.,N.D.,N.D.,N.D.,N.D.,N.D.,N.D.,N.D.,N.D.,N.D.,Ciencias Naturales
PRIVADOS DE RISARALDA,58,Menor,10,Similar,6%,31%,54%,10%,N.D.,N.D.,N.D.,N.D.,N.D.,N.D.,N.D.,N.D.,N.D.,N.D.,N.D.,N.D.,N.D.,N.D.,N.D.,N.D.,N.D.,N.D.,N.D.,N.D.,N.D.,N.D.,N.D.,N.D.,N.D.,N.D.,Ciencias Naturales
GC 1 DE RISARALDA,42,Mayor,8,Mayor,48%,45%,7%,0%,N.D.,N.D.,N.D.,N.D.,N.D.,N.D.,N.D.,N.D.,N.D.,N.D.,N.D.,N.D.,N.D.,N.D.,N.D.,N.D.,N.D.,N.D.,N.D.,N.D.,N.D.,N.D.,N.D.,N.D.,N.D.,N.D.,Ciencias Naturales
GC 2 DE RISARALDA,48,Similar,9,Similar,24%,55%,20%,1%,N.D.,N.D.,N.D.,N.D.,N.D.,N.D.,N.D.,N.D.,N.D.,N.D.,N.D.,N.D.,N.D.,N.D.,N.D.,N.D.,N.D.,N.D.,N.D.,N.D.,N.D.,N.D.,N.D.,N.D.,N.D.,N.D.,Ciencias Naturales
GC 3 DE RISARALDA,54,Similar,10,Similar,9%,47%,41%,4%,N.D.,N.D.,N.D.,N.D.,N.D.,N.D.,N.D.,N.D.,N.D.,N.D.,N.D.,N.D.,N.D.,N.D.,N.D.,N.D.,N.D.,N.D.,N.D.,N.D.,N.D.,N.D.,N.D.,N.D.,N.D.,N.D.,Ciencias Naturales
GC 4 DE RISARALDA,63,Menor,9,Similar,2%,18%,58%,23%,N.D.,N.D.,N.D.,N.D.,N.D.,N.D.,N.D.,N.D.,N.D.,N.D.,N.D.,N.D.,N.D.,N.D.,N.D.,N.D.,N.D.,N.D.,N.D.,N.D.,N.D.,N.D.,N.D.,N.D.,N.D.,N.D.,Ciencias Naturales
SAN ANDRES,46,,11,,35%,43%,20%,2%,47%,54%,38%,57%,65%,47%,51%,61%,60%,46%,43%,69%,40%,57%,55%,56%,51%,67%,64%,59%,58%,N.D.,68%,53%,57%,60%,Ciencias Naturales
OFICIALES URBANOS DE SAN ANDRES,49,Similar,10,Similar,26%,47%,24%,3%,N.D.,N.D.,N.D.,N.D.,N.D.,N.D.,N.D.,N.D.,N.D.,N.D.,N.D.,N.D.,N.D.,N.D.,N.D.,N.D.,N.D.,N.D.,N.D.,N.D.,N.D.,N.D.,N.D.,N.D.,N.D.,N.D.,Ciencias Naturales
OFICIALES RURALES DE SAN ANDRES,42,Mayor,8,Mayor,52%,40%,7%,0%,N.D.,N.D.,N.D.,N.D.,N.D.,N.D.,N.D.,N.D.,N.D.,N.D.,N.D.,N.D.,N.D.,N.D.,N.D.,N.D.,N.D.,N.D.,N.D.,N.D.,N.D.,N.D.,N.D.,N.D.,N.D.,N.D.,Ciencias Naturales
PRIVADOS DE SAN ANDRES,54,Menor,11,Similar,12%,42%,42%,4%,N.D.,N.D.,N.D.,N.D.,N.D.,N.D.,N.D.,N.D.,N.D.,N.D.,N.D.,N.D.,N.D.,N.D.,N.D.,N.D.,N.D.,N.D.,N.D.,N.D.,N.D.,N.D.,N.D.,N.D.,N.D.,N.D.,Ciencias Naturales
GC 2 DE SAN ANDRES,43,Similar,9,Mayor,47%,45%,7%,1%,N.D.,N.D.,N.D.,N.D.,N.D.,N.D.,N.D.,N.D.,N.D.,N.D.,N.D.,N.D.,N.D.,N.D.,N.D.,N.D.,N.D.,N.D.,N.D.,N.D.,N.D.,N.D.,N.D.,N.D.,N.D.,N.D.,Ciencias Naturales
GC 3 DE SAN ANDRES,49,Similar,11,Similar,27%,41%,30%,2%,N.D.,N.D.,N.D.,N.D.,N.D.,N.D.,N.D.,N.D.,N.D.,N.D.,N.D.,N.D.,N.D.,N.D.,N.D.,N.D.,N.D.,N.D.,N.D.,N.D.,N.D.,N.D.,N.D.,N.D.,N.D.,N.D.,Ciencias Naturales
SANTANDER,54,,11,,11%,44%,39%,6%,33%,46%,30%,45%,59%,30%,36%,48%,46%,30%,25%,54%,28%,53%,41%,46%,37%,58%,51%,47%,37%,N.D.,58%,35%,43%,44%,Ciencias Naturales
OFICIALES URBANOS DE SANTANDER,54,Similar,10,Similar,10%,46%,39%,5%,N.D.,N.D.,N.D.,N.D.,N.D.,N.D.,N.D.,N.D.,N.D.,N.D.,N.D.,N.D.,N.D.,N.D.,N.D.,N.D.,N.D.,N.D.,N.D.,N.D.,N.D.,N.D.,N.D.,N.D.,N.D.,N.D.,Ciencias Naturales
OFICIALES RURALES DE SANTANDER,50,Mayor,9,Mayor,17%,56%,26%,1%,N.D.,N.D.,N.D.,N.D.,N.D.,N.D.,N.D.,N.D.,N.D.,N.D.,N.D.,N.D.,N.D.,N.D.,N.D.,N.D.,N.D.,N.D.,N.D.,N.D.,N.D.,N.D.,N.D.,N.D.,N.D.,N.D.,Ciencias Naturales
PRIVADOS DE SANTANDER,60,Menor,11,Similar,6%,25%,51%,18%,N.D.,N.D.,N.D.,N.D.,N.D.,N.D.,N.D.,N.D.,N.D.,N.D.,N.D.,N.D.,N.D.,N.D.,N.D.,N.D.,N.D.,N.D.,N.D.,N.D.,N.D.,N.D.,N.D.,N.D.,N.D.,N.D.,Ciencias Naturales
GC 1 DE SANTANDER,49,Mayor,9,Mayor,21%,56%,22%,1%,N.D.,N.D.,N.D.,N.D.,N.D.,N.D.,N.D.,N.D.,N.D.,N.D.,N.D.,N.D.,N.D.,N.D.,N.D.,N.D.,N.D.,N.D.,N.D.,N.D.,N.D.,N.D.,N.D.,N.D.,N.D.,N.D.,Ciencias Naturales
GC 2 DE SANTANDER,51,Similar,10,Similar,15%,52%,31%,2%,N.D.,N.D.,N.D.,N.D.,N.D.,N.D.,N.D.,N.D.,N.D.,N.D.,N.D.,N.D.,N.D.,N.D.,N.D.,N.D.,N.D.,N.D.,N.D.,N.D.,N.D.,N.D.,N.D.,N.D.,N.D.,N.D.,Ciencias Naturales
GC 3 DE SANTANDER,59,Menor,10,Similar,4%,32%,52%,11%,N.D.,N.D.,N.D.,N.D.,N.D.,N.D.,N.D.,N.D.,N.D.,N.D.,N.D.,N.D.,N.D.,N.D.,N.D.,N.D.,N.D.,N.D.,N.D.,N.D.,N.D.,N.D.,N.D.,N.D.,N.D.,N.D.,Ciencias Naturales
GC 4 DE SANTANDER,68,Menor,8,Mayor,1%,6%,50%,43%,N.D.,N.D.,N.D.,N.D.,N.D.,N.D.,N.D.,N.D.,N.D.,N.D.,N.D.,N.D.,N.D.,N.D.,N.D.,N.D.,N.D.,N.D.,N.D.,N.D.,N.D.,N.D.,N.D.,N.D.,N.D.,N.D.,Ciencias Naturales
SUCRE,48,,10,,26%,49%,22%,2%,46%,55%,40%,55%,65%,45%,46%,57%,56%,44%,38%,62%,39%,62%,51%,54%,49%,66%,61%,55%,49%,N.D.,64%,47%,50%,55%,Ciencias Naturales
OFICIALES URBANOS DE SUCRE,49,Similar,10,Similar,22%,52%,25%,2%,N.D.,N.D.,N.D.,N.D.,N.D.,N.D.,N.D.,N.D.,N.D.,N.D.,N.D.,N.D.,N.D.,N.D.,N.D.,N.D.,N.D.,N.D.,N.D.,N.D.,N.D.,N.D.,N.D.,N.D.,N.D.,N.D.,Ciencias Naturales
OFICIALES RURALES DE SUCRE,44,Mayor,8,Mayor,40%,51%,9%,0%,N.D.,N.D.,N.D.,N.D.,N.D.,N.D.,N.D.,N.D.,N.D.,N.D.,N.D.,N.D.,N.D.,N.D.,N.D.,N.D.,N.D.,N.D.,N.D.,N.D.,N.D.,N.D.,N.D.,N.D.,N.D.,N.D.,Ciencias Naturales
PRIVADOS DE SUCRE,57,Menor,12,Menor,12%,29%,46%,13%,N.D.,N.D.,N.D.,N.D.,N.D.,N.D.,N.D.,N.D.,N.D.,N.D.,N.D.,N.D.,N.D.,N.D.,N.D.,N.D.,N.D.,N.D.,N.D.,N.D.,N.D.,N.D.,N.D.,N.D.,N.D.,N.D.,Ciencias Naturales
GC 1 DE SUCRE,42,Mayor,8,Mayor,46%,48%,6%,0%,N.D.,N.D.,N.D.,N.D.,N.D.,N.D.,N.D.,N.D.,N.D.,N.D.,N.D.,N.D.,N.D.,N.D.,N.D.,N.D.,N.D.,N.D.,N.D.,N.D.,N.D.,N.D.,N.D.,N.D.,N.D.,N.D.,Ciencias Naturales
GC 2 DE SUCRE,49,Similar,10,Similar,23%,52%,23%,2%,N.D.,N.D.,N.D.,N.D.,N.D.,N.D.,N.D.,N.D.,N.D.,N.D.,N.D.,N.D.,N.D.,N.D.,N.D.,N.D.,N.D.,N.D.,N.D.,N.D.,N.D.,N.D.,N.D.,N.D.,N.D.,N.D.,Ciencias Naturales
GC 3 DE SUCRE,59,Menor,11,Similar,7%,27%,52%,14%,N.D.,N.D.,N.D.,N.D.,N.D.,N.D.,N.D.,N.D.,N.D.,N.D.,N.D.,N.D.,N.D.,N.D.,N.D.,N.D.,N.D.,N.D.,N.D.,N.D.,N.D.,N.D.,N.D.,N.D.,N.D.,N.D.,Ciencias Naturales
TOLIMA,50,,10,,20%,52%,26%,2%,41%,54%,37%,53%,65%,39%,43%,56%,53%,40%,33%,61%,37%,59%,48%,54%,45%,65%,59%,55%,47%,N.D.,65%,44%,51%,53%,Ciencias Naturales
OFICIALES URBANOS DE TOLIMA,50,Similar,9,Similar,19%,54%,26%,1%,N.D.,N.D.,N.D.,N.D.,N.D.,N.D.,N.D.,N.D.,N.D.,N.D.,N.D.,N.D.,N.D.,N.D.,N.D.,N.D.,N.D.,N.D.,N.D.,N.D.,N.D.,N.D.,N.D.,N.D.,N.D.,N.D.,Ciencias Naturales
OFICIALES RURALES DE TOLIMA,46,Mayor,9,Similar,30%,56%,14%,1%,N.D.,N.D.,N.D.,N.D.,N.D.,N.D.,N.D.,N.D.,N.D.,N.D.,N.D.,N.D.,N.D.,N.D.,N.D.,N.D.,N.D.,N.D.,N.D.,N.D.,N.D.,N.D.,N.D.,N.D.,N.D.,N.D.,Ciencias Naturales
PRIVADOS DE TOLIMA,56,Menor,11,Similar,10%,36%,47%,7%,N.D.,N.D.,N.D.,N.D.,N.D.,N.D.,N.D.,N.D.,N.D.,N.D.,N.D.,N.D.,N.D.,N.D.,N.D.,N.D.,N.D.,N.D.,N.D.,N.D.,N.D.,N.D.,N.D.,N.D.,N.D.,N.D.,Ciencias Naturales
GC 1 DE TOLIMA,44,Mayor,8,Mayor,38%,54%,8%,0%,N.D.,N.D.,N.D.,N.D.,N.D.,N.D.,N.D.,N.D.,N.D.,N.D.,N.D.,N.D.,N.D.,N.D.,N.D.,N.D.,N.D.,N.D.,N.D.,N.D.,N.D.,N.D.,N.D.,N.D.,N.D.,N.D.,Ciencias Naturales
GC 2 DE TOLIMA,48,Similar,9,Similar,23%,56%,20%,1%,N.D.,N.D.,N.D.,N.D.,N.D.,N.D.,N.D.,N.D.,N.D.,N.D.,N.D.,N.D.,N.D.,N.D.,N.D.,N.D.,N.D.,N.D.,N.D.,N.D.,N.D.,N.D.,N.D.,N.D.,N.D.,N.D.,Ciencias Naturales
GC 3 DE TOLIMA,55,Menor,10,Similar,8%,44%,43%,5%,N.D.,N.D.,N.D.,N.D.,N.D.,N.D.,N.D.,N.D.,N.D.,N.D.,N.D.,N.D.,N.D.,N.D.,N.D.,N.D.,N.D.,N.D.,N.D.,N.D.,N.D.,N.D.,N.D.,N.D.,N.D.,N.D.,Ciencias Naturales
GC 4 DE TOLIMA,62,Menor,9,Similar,2%,21%,58%,19%,N.D.,N.D.,N.D.,N.D.,N.D.,N.D.,N.D.,N.D.,N.D.,N.D.,N.D.,N.D.,N.D.,N.D.,N.D.,N.D.,N.D.,N.D.,N.D.,N.D.,N.D.,N.D.,N.D.,N.D.,N.D.,N.D.,Ciencias Naturales
VALLE,50,,10,,20%,51%,27%,2%,42%,54%,37%,52%,64%,39%,44%,55%,54%,39%,34%,60%,37%,60%,48%,54%,45%,64%,59%,54%,47%,N.D.,64%,43%,51%,53%,Ciencias Naturales
OFICIALES URBANOS DE VALLE,50,Similar,10,Similar,20%,51%,27%,2%,N.D.,N.D.,N.D.,N.D.,N.D.,N.D.,N.D.,N.D.,N.D.,N.D.,N.D.,N.D.,N.D.,N.D.,N.D.,N.D.,N.D.,N.D.,N.D.,N.D.,N.D.,N.D.,N.D.,N.D.,N.D.,N.D.,Ciencias Naturales
OFICIALES RURALES DE VALLE,47,Similar,9,Similar,25%,54%,20%,1%,N.D.,N.D.,N.D.,N.D.,N.D.,N.D.,N.D.,N.D.,N.D.,N.D.,N.D.,N.D.,N.D.,N.D.,N.D.,N.D.,N.D.,N.D.,N.D.,N.D.,N.D.,N.D.,N.D.,N.D.,N.D.,N.D.,Ciencias Naturales
PRIVADOS DE VALLE,51,Similar,10,Similar,17%,48%,33%,2%,N.D.,N.D.,N.D.,N.D.,N.D.,N.D.,N.D.,N.D.,N.D.,N.D.,N.D.,N.D.,N.D.,N.D.,N.D.,N.D.,N.D.,N.D.,N.D.,N.D.,N.D.,N.D.,N.D.,N.D.,N.D.,N.D.,Ciencias Naturales
GC 1 DE VALLE,44,Mayor,8,Mayor,38%,52%,10%,0%,N.D.,N.D.,N.D.,N.D.,N.D.,N.D.,N.D.,N.D.,N.D.,N.D.,N.D.,N.D.,N.D.,N.D.,N.D.,N.D.,N.D.,N.D.,N.D.,N.D.,N.D.,N.D.,N.D.,N.D.,N.D.,N.D.,Ciencias Naturales
GC 2 DE VALLE,48,Similar,10,Similar,24%,52%,23%,1%,N.D.,N.D.,N.D.,N.D.,N.D.,N.D.,N.D.,N.D.,N.D.,N.D.,N.D.,N.D.,N.D.,N.D.,N.D.,N.D.,N.D.,N.D.,N.D.,N.D.,N.D.,N.D.,N.D.,N.D.,N.D.,N.D.,Ciencias Naturales
GC 3 DE VALLE,53,Similar,10,Similar,11%,46%,39%,3%,N.D.,N.D.,N.D.,N.D.,N.D.,N.D.,N.D.,N.D.,N.D.,N.D.,N.D.,N.D.,N.D.,N.D.,N.D.,N.D.,N.D.,N.D.,N.D.,N.D.,N.D.,N.D.,N.D.,N.D.,N.D.,N.D.,Ciencias Naturales
VAUPES,43,,8,,43%,50%,6%,0%,50%,62%,49%,62%,77%,60%,59%,69%,70%,49%,49%,77%,49%,55%,62%,64%,60%,75%,69%,60%,54%,N.D.,70%,61%,55%,71%,Ciencias Naturales
OFICIALES URBANOS DE VAUPES,45,Similar,8,Similar,29%,61%,9%,0%,N.D.,N.D.,N.D.,N.D.,N.D.,N.D.,N.D.,N.D.,N.D.,N.D.,N.D.,N.D.,N.D.,N.D.,N.D.,N.D.,N.D.,N.D.,N.D.,N.D.,N.D.,N.D.,N.D.,N.D.,N.D.,N.D.,Ciencias Naturales
OFICIALES RURALES DE VAUPES,39,Mayor,6,Mayor,68%,31%,1%,0%,N.D.,N.D.,N.D.,N.D.,N.D.,N.D.,N.D.,N.D.,N.D.,N.D.,N.D.,N.D.,N.D.,N.D.,N.D.,N.D.,N.D.,N.D.,N.D.,N.D.,N.D.,N.D.,N.D.,N.D.,N.D.,N.D.,Ciencias Naturales
PRIVADOS DE VAUPES,36,Mayor,0,Mayor,100%,0%,0%,0%,N.D.,N.D.,N.D.,N.D.,N.D.,N.D.,N.D.,N.D.,N.D.,N.D.,N.D.,N.D.,N.D.,N.D.,N.D.,N.D.,N.D.,N.D.,N.D.,N.D.,N.D.,N.D.,N.D.,N.D.,N.D.,N.D.,Ciencias Naturales
GC 1 DE VAUPES,42,Similar,8,Similar,47%,47%,6%,0%,N.D.,N.D.,N.D.,N.D.,N.D.,N.D.,N.D.,N.D.,N.D.,N.D.,N.D.,N.D.,N.D.,N.D.,N.D.,N.D.,N.D.,N.D.,N.D.,N.D.,N.D.,N.D.,N.D.,N.D.,N.D.,N.D.,Ciencias Naturales
GC 2 DE VAUPES,45,Similar,8,Similar,27%,64%,8%,0%,N.D.,N.D.,N.D.,N.D.,N.D.,N.D.,N.D.,N.D.,N.D.,N.D.,N.D.,N.D.,N.D.,N.D.,N.D.,N.D.,N.D.,N.D.,N.D.,N.D.,N.D.,N.D.,N.D.,N.D.,N.D.,N.D.,Ciencias Naturales
VICHADA,45,,8,,32%,55%,13%,0%,47%,58%,49%,61%,67%,60%,47%,64%,68%,48%,47%,70%,45%,61%,59%,63%,59%,72%,64%,57%,56%,N.D.,70%,57%,54%,65%,Ciencias Naturales
OFICIALES URBANOS DE VICHADA,47,Similar,8,Similar,23%,58%,19%,0%,N.D.,N.D.,N.D.,N.D.,N.D.,N.D.,N.D.,N.D.,N.D.,N.D.,N.D.,N.D.,N.D.,N.D.,N.D.,N.D.,N.D.,N.D.,N.D.,N.D.,N.D.,N.D.,N.D.,N.D.,N.D.,N.D.,Ciencias Naturales
OFICIALES RURALES DE VICHADA,42,Similar,7,Similar,45%,50%,5%,0%,N.D.,N.D.,N.D.,N.D.,N.D.,N.D.,N.D.,N.D.,N.D.,N.D.,N.D.,N.D.,N.D.,N.D.,N.D.,N.D.,N.D.,N.D.,N.D.,N.D.,N.D.,N.D.,N.D.,N.D.,N.D.,N.D.,Ciencias Naturales
GC 1 DE VICHADA,41,Mayor,5,Mayor,45%,55%,0%,0%,N.D.,N.D.,N.D.,N.D.,N.D.,N.D.,N.D.,N.D.,N.D.,N.D.,N.D.,N.D.,N.D.,N.D.,N.D.,N.D.,N.D.,N.D.,N.D.,N.D.,N.D.,N.D.,N.D.,N.D.,N.D.,N.D.,Ciencias Naturales
GC 2 DE VICHADA,47,Similar,9,Similar,28%,55%,18%,0%,N.D.,N.D.,N.D.,N.D.,N.D.,N.D.,N.D.,N.D.,N.D.,N.D.,N.D.,N.D.,N.D.,N.D.,N.D.,N.D.,N.D.,N.D.,N.D.,N.D.,N.D.,N.D.,N.D.,N.D.,N.D.,N.D.,Ciencias Naturales
