pai_et_municipios,prom_puntaje_global,comparacion_pg,desviacion,comparacion_dpg
AMAZONAS,225,,44,
OFICIALES URBANOS DE AMAZONAS,231,Similar,42,Similar
OFICIALES RURALES DE AMAZONAS,196,Mayor,29,Mayor
PRIVADOS DE AMAZONAS,290,Menor,43,Similar
GC 1 DE AMAZONAS,200,Mayor,31,Mayor
GC 2 DE AMAZONAS,223,Similar,41,Similar
GC 3 DE AMAZONAS,292,Menor,43,Similar
ANTIOQUIA,243,,48,
OFICIALES URBANOS DE ANTIOQUIA,250,Similar,46,Similar
OFICIALES RURALES DE ANTIOQUIA,223,Similar,42,Mayor
PRIVADOS DE ANTIOQUIA,286,Menor,51,Similar
GC 1 DE ANTIOQUIA,210,Mayor,37,Mayor
GC 2 DE ANTIOQUIA,238,Similar,45,Similar
GC 3 DE ANTIOQUIA,277,Menor,45,Similar
GC 4 DE ANTIOQUIA,316,Menor,48,Similar
APARTADO,243,,46,
OFICIALES URBANOS DE APARTADO,242,Similar,43,Similar
OFICIALES RURALES DE APARTADO,224,Similar,38,Mayor
PRIVADOS DE APARTADO,271,Menor,59,Menor
GC 1 DE APARTADO,205,Mayor,36,Mayor
GC 2 DE APARTADO,237,Similar,41,Mayor
GC 3 DE APARTADO,288,Menor,45,Similar
ARAUCA,251,,47,
OFICIALES URBANOS DE ARAUCA,256,Similar,46,Similar
OFICIALES RURALES DE ARAUCA,236,Similar,40,Mayor
PRIVADOS DE ARAUCA,258,Similar,56,Menor
GC 1 DE ARAUCA,226,Mayor,38,Mayor
GC 2 DE ARAUCA,250,Similar,45,Similar
GC 3 DE ARAUCA,280,Menor,49,Similar
ARMENIA,281,,52,
OFICIALES URBANOS DE ARMENIA,275,Similar,50,Similar
OFICIALES RURALES DE ARMENIA,290,Similar,43,Mayor
PRIVADOS DE ARMENIA,315,Menor,51,Similar
GC 2 DE ARMENIA,258,Similar,46,Mayor
GC 3 DE ARMENIA,294,Similar,50,Similar
GC 4 DE ARMENIA,309,Menor,41,Mayor
ATLANTICO,234,,47,
OFICIALES URBANOS DE ATLANTICO,233,Similar,44,Similar
OFICIALES RURALES DE ATLANTICO,218,Similar,40,Mayor
PRIVADOS DE ATLANTICO,285,Menor,52,Menor
GC 1 DE ATLANTICO,213,Similar,37,Mayor
GC 2 DE ATLANTICO,229,Similar,43,Mayor
GC 3 DE ATLANTICO,270,Menor,47,Similar
GC 4 DE ATLANTICO,338,Menor,36,Mayor
BARRANCABERMEJA,266,,54,
OFICIALES URBANOS DE BARRANCABERMEJA,258,Similar,47,Mayor
OFICIALES RURALES DE BARRANCABERMEJA,239,Mayor,43,Mayor
PRIVADOS DE BARRANCABERMEJA,320,Menor,50,Mayor
GC 2 DE BARRANCABERMEJA,248,Similar,46,Mayor
GC 3 DE BARRANCABERMEJA,296,Menor,50,Mayor
GC 4 DE BARRANCABERMEJA,355,Menor,30,Mayor
BARRANQUILLA,264,,52,
OFICIALES URBANOS DE BARRANQUILLA,257,Similar,49,Similar
PRIVADOS DE BARRANQUILLA,284,Similar,56,Menor
GC 1 DE BARRANQUILLA,216,Mayor,40,Mayor
GC 2 DE BARRANQUILLA,243,Similar,45,Mayor
GC 3 DE BARRANQUILLA,286,Similar,50,Similar
GC 4 DE BARRANQUILLA,342,Menor,38,Mayor
BELLO,264,,48,
OFICIALES URBANOS DE BELLO,261,Similar,45,Similar
OFICIALES RURALES DE BELLO,253,Similar,48,Similar
PRIVADOS DE BELLO,271,Similar,54,Menor
GC 2 DE BELLO,247,Similar,45,Similar
GC 3 DE BELLO,280,Similar,45,Similar
BOGOTA,274,,48,
OFICIALES URBANOS DE BOGOTA,260,Similar,43,Mayor
OFICIALES RURALES DE BOGOTA,243,Mayor,38,Mayor
PRIVADOS DE BOGOTA,295,Similar,47,Similar
GC 1 DE BOGOTA,240,Mayor,35,Mayor
GC 2 DE BOGOTA,248,Mayor,41,Mayor
GC 3 DE BOGOTA,278,Similar,45,Similar
BOLIVAR,225,,46,
OFICIALES URBANOS DE BOLIVAR,227,Similar,44,Similar
OFICIALES RURALES DE BOLIVAR,208,Similar,35,Mayor
PRIVADOS DE BOLIVAR,287,Menor,56,Menor
GC 1 DE BOLIVAR,206,Similar,34,Mayor
GC 2 DE BOLIVAR,223,Similar,43,Similar
GC 3 DE BOLIVAR,295,Menor,52,Menor
BOYACA,262,,46,
OFICIALES URBANOS DE BOYACA,263,Similar,44,Similar
OFICIALES RURALES DE BOYACA,249,Similar,42,Mayor
PRIVADOS DE BOYACA,305,Menor,46,Similar
GC 1 DE BOYACA,243,Similar,41,Mayor
GC 2 DE BOYACA,258,Similar,43,Similar
GC 3 DE BOYACA,296,Menor,45,Similar
GC 4 DE BOYACA,338,Menor,35,Mayor
BUCARAMANGA,290,,52,
OFICIALES URBANOS DE BUCARAMANGA,281,Similar,48,Mayor
OFICIALES RURALES DE BUCARAMANGA,245,Mayor,40,Mayor
PRIVADOS DE BUCARAMANGA,313,Similar,53,Similar
GC 2 DE BUCARAMANGA,260,Mayor,43,Mayor
GC 3 DE BUCARAMANGA,302,Similar,48,Mayor
GC 4 DE BUCARAMANGA,356,Menor,43,Mayor
BUENAVENTURA,225,,44,
OFICIALES URBANOS DE BUENAVENTURA,222,Similar,40,Mayor
OFICIALES RURALES DE BUENAVENTURA,201,Mayor,35,Mayor
PRIVADOS DE BUENAVENTURA,248,Similar,51,Menor
GC 1 DE BUENAVENTURA,189,Mayor,26,Mayor
GC 2 DE BUENAVENTURA,218,Similar,39,Mayor
GC 3 DE BUENAVENTURA,264,Menor,47,Similar
BUGA,268,,46,
OFICIALES URBANOS DE BUGA,270,Similar,46,Similar
OFICIALES RURALES DE BUGA,248,Similar,36,Mayor
PRIVADOS DE BUGA,258,Similar,46,Similar
GC 1 DE BUGA,242,Mayor,33,Mayor
GC 2 DE BUGA,266,Similar,46,Similar
GC 3 DE BUGA,279,Similar,47,Similar
CALDAS,249,,45,
OFICIALES URBANOS DE CALDAS,253,Similar,45,Similar
OFICIALES RURALES DE CALDAS,238,Similar,39,Mayor
PRIVADOS DE CALDAS,286,Menor,54,Menor
GC 1 DE CALDAS,233,Similar,38,Mayor
GC 2 DE CALDAS,247,Similar,43,Similar
GC 3 DE CALDAS,276,Menor,49,Menor
CALI,253,,48,
OFICIALES URBANOS DE CALI,252,Similar,47,Similar
OFICIALES RURALES DE CALI,245,Similar,45,Similar
PRIVADOS DE CALI,255,Similar,48,Similar
GC 1 DE CALI,281,Menor,0,Mayor
GC 2 DE CALI,240,Similar,45,Similar
GC 3 DE CALI,265,Similar,47,Similar
CAQUETA,239,,41,
OFICIALES URBANOS DE CAQUETA,243,Similar,42,Similar
OFICIALES RURALES DE CAQUETA,227,Similar,36,Mayor
PRIVADOS DE CAQUETA,256,Similar,35,Mayor
GC 1 DE CAQUETA,226,Similar,34,Mayor
GC 2 DE CAQUETA,241,Similar,41,Similar
CARTAGENA,249,,53,
OFICIALES URBANOS DE CARTAGENA,239,Similar,46,Mayor
OFICIALES RURALES DE CARTAGENA,215,Mayor,42,Mayor
PRIVADOS DE CARTAGENA,279,Menor,56,Similar
GC 1 DE CARTAGENA,212,Mayor,38,Mayor
GC 2 DE CARTAGENA,234,Similar,46,Mayor
GC 3 DE CARTAGENA,284,Menor,52,Similar
GC 4 DE CARTAGENA,330,Menor,39,Mayor
CARTAGO,260,,48,
OFICIALES URBANOS DE CARTAGO,259,Similar,48,Similar
OFICIALES RURALES DE CARTAGO,250,Similar,44,Mayor
PRIVADOS DE CARTAGO,269,Similar,47,Similar
GC 2 DE CARTAGO,245,Similar,43,Mayor
GC 3 DE CARTAGO,275,Similar,48,Similar
CASANARE,256,,46,
OFICIALES URBANOS DE CASANARE,258,Similar,44,Similar
OFICIALES RURALES DE CASANARE,245,Similar,50,Menor
PRIVADOS DE CASANARE,256,Similar,61,Menor
GC 1 DE CASANARE,243,Similar,52,Menor
GC 2 DE CASANARE,256,Similar,44,Similar
GC 3 DE CASANARE,276,Similar,43,Similar
CAUCA,228,,44,
OFICIALES URBANOS DE CAUCA,236,Similar,46,Similar
OFICIALES RURALES DE CAUCA,220,Similar,38,Mayor
PRIVADOS DE CAUCA,243,Similar,55,Menor
GC 1 DE CAUCA,215,Similar,36,Mayor
GC 2 DE CAUCA,230,Similar,44,Similar
GC 3 DE CAUCA,273,Menor,54,Menor
CESAR,237,,44,
OFICIALES URBANOS DE CESAR,241,Similar,44,Similar
OFICIALES RURALES DE CESAR,224,Similar,40,Mayor
PRIVADOS DE CESAR,264,Menor,56,Menor
GC 1 DE CESAR,220,Similar,38,Mayor
GC 2 DE CESAR,237,Similar,44,Similar
GC 3 DE CESAR,278,Menor,54,Menor
CHIA,287,,48,
OFICIALES URBANOS DE CHIA,273,Similar,44,Mayor
OFICIALES RURALES DE CHIA,271,Similar,46,Similar
PRIVADOS DE CHIA,303,Similar,47,Similar
GC 2 DE CHIA,274,Similar,49,Similar
GC 3 DE CHIA,282,Similar,46,Similar
GC 4 DE CHIA,327,Menor,47,Similar
CHOCO,201,,38,
OFICIALES URBANOS DE CHOCO,211,Similar,39,Similar
OFICIALES RURALES DE CHOCO,187,Similar,33,Mayor
PRIVADOS DE CHOCO,263,Menor,47,Menor
GC 1 DE CHOCO,190,Similar,36,Similar
GC 2 DE CHOCO,204,Similar,38,Similar
CIENAGA,226,,45,
OFICIALES URBANOS DE CIENAGA,223,Similar,43,Similar
OFICIALES RURALES DE CIENAGA,216,Similar,38,Mayor
PRIVADOS DE CIENAGA,247,Similar,52,Menor
GC 1 DE CIENAGA,198,Mayor,26,Mayor
GC 2 DE CIENAGA,222,Similar,42,Similar
GC 3 DE CIENAGA,270,Menor,47,Similar
CORDOBA,234,,46,
OFICIALES URBANOS DE CORDOBA,238,Similar,44,Similar
OFICIALES RURALES DE CORDOBA,223,Similar,39,Mayor
PRIVADOS DE CORDOBA,281,Menor,63,Menor
GC 1 DE CORDOBA,219,Similar,37,Mayor
GC 2 DE CORDOBA,237,Similar,45,Similar
GC 3 DE CORDOBA,310,Menor,45,Similar
CUCUTA,271,,51,
OFICIALES URBANOS DE CUCUTA,271,Similar,48,Similar
OFICIALES RURALES DE CUCUTA,244,Mayor,44,Mayor
PRIVADOS DE CUCUTA,274,Similar,56,Menor
GC 1 DE CUCUTA,257,Similar,0,Mayor
GC 2 DE CUCUTA,259,Similar,47,Mayor
GC 3 DE CUCUTA,298,Menor,48,Similar
GC 4 DE CUCUTA,340,Menor,40,Mayor
CUNDINAMARCA,266,,47,
OFICIALES URBANOS DE CUNDINAMARCA,259,Similar,43,Mayor
OFICIALES RURALES DE CUNDINAMARCA,255,Similar,44,Similar
PRIVADOS DE CUNDINAMARCA,297,Menor,47,Similar
GC 1 DE CUNDINAMARCA,238,Mayor,42,Mayor
GC 2 DE CUNDINAMARCA,253,Similar,42,Mayor
GC 3 DE CUNDINAMARCA,279,Similar,45,Similar
GC 4 DE CUNDINAMARCA,335,Menor,35,Mayor
DOS QUEBRADAS,273,,44,
OFICIALES URBANOS DE DOS QUEBRADAS,270,Similar,42,Similar
OFICIALES RURALES DE DOS QUEBRADAS,256,Similar,35,Mayor
PRIVADOS DE DOS QUEBRADAS,302,Menor,47,Similar
GC 2 DE DOS QUEBRADAS,258,Similar,40,Mayor
GC 3 DE DOS QUEBRADAS,277,Similar,44,Similar
DUITAMA,288,,46,
OFICIALES URBANOS DE DUITAMA,281,Similar,42,Mayor
OFICIALES RURALES DE DUITAMA,275,Similar,43,Similar
PRIVADOS DE DUITAMA,305,Similar,50,Menor
GC 2 DE DUITAMA,268,Similar,42,Mayor
GC 3 DE DUITAMA,303,Similar,43,Similar
ENVIGADO,290,,47,
OFICIALES URBANOS DE ENVIGADO,276,Similar,43,Mayor
OFICIALES RURALES DE ENVIGADO,255,Mayor,47,Similar
PRIVADOS DE ENVIGADO,312,Similar,43,Mayor
GC 3 DE ENVIGADO,284,Similar,46,Similar
GC 4 DE ENVIGADO,322,Menor,41,Mayor
FACATATIVA,280,,45,
OFICIALES URBANOS DE FACATATIVA,276,Similar,42,Similar
OFICIALES RURALES DE FACATATIVA,268,Similar,40,Mayor
PRIVADOS DE FACATATIVA,292,Similar,49,Menor
GC 2 DE FACATATIVA,265,Similar,41,Mayor
GC 3 DE FACATATIVA,293,Similar,44,Similar
GC 4 DE FACATATIVA,338,Menor,37,Mayor
FLORENCIA,265,,47,
OFICIALES URBANOS DE FLORENCIA,264,Similar,43,Mayor
OFICIALES RURALES DE FLORENCIA,232,Mayor,39,Mayor
PRIVADOS DE FLORENCIA,283,Similar,59,Menor
GC 1 DE FLORENCIA,231,Mayor,34,Mayor
GC 2 DE FLORENCIA,256,Similar,43,Mayor
GC 3 DE FLORENCIA,291,Menor,45,Similar
GC 4 DE FLORENCIA,354,Menor,19,Mayor
FLORIDABLANCA,291,,49,
OFICIALES URBANOS DE FLORIDABLANCA,281,Similar,45,Mayor
OFICIALES RURALES DE FLORIDABLANCA,271,Similar,46,Similar
PRIVADOS DE FLORIDABLANCA,314,Similar,48,Similar
GC 2 DE FLORIDABLANCA,273,Similar,45,Mayor
GC 3 DE FLORIDABLANCA,297,Similar,47,Similar
GC 4 DE FLORIDABLANCA,337,Menor,37,Mayor
FUNZA,277,,44,
OFICIALES URBANOS DE FUNZA,265,Similar,40,Mayor
OFICIALES RURALES DE FUNZA,265,Similar,50,Menor
PRIVADOS DE FUNZA,287,Similar,43,Similar
GC 3 DE FUNZA,277,Similar,44,Similar
FUSAGASUGA,268,,47,
OFICIALES URBANOS DE FUSAGASUGA,258,Similar,44,Similar
OFICIALES RURALES DE FUSAGASUGA,272,Similar,44,Similar
PRIVADOS DE FUSAGASUGA,285,Similar,48,Similar
GC 2 DE FUSAGASUGA,257,Similar,45,Similar
GC 3 DE FUSAGASUGA,283,Similar,46,Similar
GIRARDOT,257,,47,
OFICIALES URBANOS DE GIRARDOT,242,Similar,42,Mayor
OFICIALES RURALES DE GIRARDOT,227,Mayor,40,Mayor
PRIVADOS DE GIRARDOT,275,Similar,46,Similar
GC 2 DE GIRARDOT,236,Similar,43,Mayor
GC 3 DE GIRARDOT,269,Similar,45,Similar
GIRON,273,,47,
OFICIALES URBANOS DE GIRON,270,Similar,46,Similar
OFICIALES RURALES DE GIRON,262,Similar,45,Similar
PRIVADOS DE GIRON,304,Menor,46,Similar
GC 2 DE GIRON,265,Similar,46,Similar
GC 3 DE GIRON,287,Similar,46,Similar
GUAINIA,216,,44,
OFICIALES URBANOS DE GUAINIA,226,Similar,48,Menor
OFICIALES RURALES DE GUAINIA,200,Similar,30,Mayor
GC 1 DE GUAINIA,198,Similar,36,Mayor
GC 2 DE GUAINIA,243,Menor,41,Similar
GUAVIARE,243,,43,
OFICIALES URBANOS DE GUAVIARE,252,Similar,41,Similar
OFICIALES RURALES DE GUAVIARE,226,Similar,38,Mayor
PRIVADOS DE GUAVIARE,239,Similar,47,Menor
GC 1 DE GUAVIARE,226,Similar,38,Mayor
GC 2 DE GUAVIARE,242,Similar,42,Similar
GC 3 DE GUAVIARE,267,Menor,44,Similar
HUILA,254,,45,
OFICIALES URBANOS DE HUILA,255,Similar,44,Similar
OFICIALES RURALES DE HUILA,246,Similar,41,Mayor
PRIVADOS DE HUILA,300,Menor,49,Menor
GC 1 DE HUILA,239,Similar,38,Mayor
GC 2 DE HUILA,251,Similar,43,Similar
GC 3 DE HUILA,275,Similar,47,Similar
GC 4 DE HUILA,351,Menor,30,Mayor
IBAGUE,268,,48,
OFICIALES URBANOS DE IBAGUE,261,Similar,45,Similar
OFICIALES RURALES DE IBAGUE,243,Mayor,41,Mayor
PRIVADOS DE IBAGUE,299,Menor,48,Similar
GC 1 DE IBAGUE,242,Mayor,47,Similar
GC 2 DE IBAGUE,251,Similar,42,Mayor
GC 3 DE IBAGUE,279,Similar,47,Similar
GC 4 DE IBAGUE,322,Menor,43,Mayor
IPIALES,280,,47,
OFICIALES URBANOS DE IPIALES,291,Similar,43,Mayor
OFICIALES RURALES DE IPIALES,254,Mayor,40,Mayor
PRIVADOS DE IPIALES,271,Similar,53,Menor
GC 1 DE IPIALES,238,Mayor,41,Mayor
GC 2 DE IPIALES,274,Similar,45,Similar
GC 3 DE IPIALES,302,Similar,45,Similar
ITAGUI,273,,48,
OFICIALES URBANOS DE ITAGUI,271,Similar,45,Similar
OFICIALES RURALES DE ITAGUI,248,Mayor,47,Similar
PRIVADOS DE ITAGUI,289,Similar,53,Menor
GC 2 DE ITAGUI,256,Similar,44,Mayor
GC 3 DE ITAGUI,276,Similar,46,Similar
GC 4 DE ITAGUI,342,Menor,27,Mayor
JAMUNDI,258,,47,
OFICIALES URBANOS DE JAMUNDI,265,Similar,46,Similar
OFICIALES RURALES DE JAMUNDI,243,Similar,43,Mayor
PRIVADOS DE JAMUNDI,280,Similar,47,Similar
GC 1 DE JAMUNDI,226,Mayor,35,Mayor
GC 2 DE JAMUNDI,250,Similar,45,Similar
GC 3 DE JAMUNDI,277,Similar,47,Similar
LA ESTRELLA,277,,49,
OFICIALES URBANOS DE LA ESTRELLA,250,Mayor,41,Mayor
PRIVADOS DE LA ESTRELLA,302,Menor,43,Mayor
GC 2 DE LA ESTRELLA,242,Mayor,41,Mayor
GC 3 DE LA ESTRELLA,282,Similar,46,Similar
GC 4 DE LA ESTRELLA,319,Menor,41,Mayor
LA GUAJIRA,227,,46,
OFICIALES URBANOS DE LA GUAJIRA,236,Similar,43,Similar
OFICIALES RURALES DE LA GUAJIRA,202,Mayor,36,Mayor
PRIVADOS DE LA GUAJIRA,270,Menor,49,Similar
GC 1 DE LA GUAJIRA,193,Mayor,32,Mayor
GC 2 DE LA GUAJIRA,230,Similar,41,Mayor
GC 3 DE LA GUAJIRA,276,Menor,46,Similar
LORICA,239,,47,
OFICIALES URBANOS DE LORICA,238,Similar,42,Mayor
OFICIALES RURALES DE LORICA,228,Similar,41,Mayor
PRIVADOS DE LORICA,298,Menor,49,Similar
GC 1 DE LORICA,227,Similar,41,Mayor
GC 2 DE LORICA,235,Similar,42,Mayor
GC 3 DE LORICA,298,Menor,49,Similar
MAGANGUE,240,,47,
OFICIALES URBANOS DE MAGANGUE,240,Similar,44,Similar
OFICIALES RURALES DE MAGANGUE,223,Similar,40,Mayor
PRIVADOS DE MAGANGUE,276,Menor,54,Menor
GC 2 DE MAGANGUE,234,Similar,43,Mayor
GC 3 DE MAGANGUE,288,Menor,51,Menor
MAGDALENA,223,,43,
OFICIALES URBANOS DE MAGDALENA,228,Similar,43,Similar
OFICIALES RURALES DE MAGDALENA,213,Similar,37,Mayor
PRIVADOS DE MAGDALENA,259,Menor,56,Menor
GC 1 DE MAGDALENA,213,Similar,36,Mayor
GC 2 DE MAGDALENA,222,Similar,42,Similar
GC 3 DE MAGDALENA,275,Menor,47,Menor
MAICAO,236,,50,
OFICIALES URBANOS DE MAICAO,243,Similar,45,Mayor
OFICIALES RURALES DE MAICAO,194,Mayor,29,Mayor
PRIVADOS DE MAICAO,296,Menor,50,Similar
GC 1 DE MAICAO,207,Mayor,42,Mayor
GC 2 DE MAICAO,243,Similar,44,Mayor
GC 3 DE MAICAO,296,Menor,50,Similar
MALAMBO,243,,49,
OFICIALES URBANOS DE MALAMBO,233,Similar,42,Mayor
OFICIALES RURALES DE MALAMBO,227,Similar,36,Mayor
PRIVADOS DE MALAMBO,255,Similar,54,Menor
GC 2 DE MALAMBO,240,Similar,47,Similar
GC 3 DE MALAMBO,301,Menor,46,Similar
MANIZALES,276,,51,
OFICIALES URBANOS DE MANIZALES,269,Similar,48,Similar
OFICIALES RURALES DE MANIZALES,240,Mayor,43,Mayor
PRIVADOS DE MANIZALES,313,Menor,46,Mayor
GC 1 DE MANIZALES,237,Mayor,33,Mayor
GC 2 DE MANIZALES,247,Mayor,44,Mayor
GC 3 DE MANIZALES,288,Similar,49,Similar
GC 4 DE MANIZALES,323,Menor,37,Mayor
MEDELLIN,261,,49,
OFICIALES URBANOS DE MEDELLIN,254,Similar,46,Similar
OFICIALES RURALES DE MEDELLIN,249,Similar,46,Similar
PRIVADOS DE MEDELLIN,290,Menor,51,Similar
GC 2 DE MEDELLIN,240,Similar,43,Mayor
GC 3 DE MEDELLIN,271,Similar,47,Similar
GC 4 DE MEDELLIN,326,Menor,44,Mayor
META,253,,45,
OFICIALES URBANOS DE META,252,Similar,43,Similar
OFICIALES RURALES DE META,249,Similar,47,Similar
PRIVADOS DE META,270,Similar,51,Menor
GC 1 DE META,222,Mayor,42,Similar
GC 2 DE META,251,Similar,43,Similar
GC 3 DE META,284,Menor,43,Similar
MONTERIA,268,,51,
OFICIALES URBANOS DE MONTERIA,268,Similar,49,Similar
OFICIALES RURALES DE MONTERIA,240,Mayor,41,Mayor
PRIVADOS DE MONTERIA,290,Similar,53,Similar
GC 1 DE MONTERIA,237,Mayor,41,Mayor
GC 2 DE MONTERIA,261,Similar,47,Mayor
GC 3 DE MONTERIA,302,Menor,49,Similar
GC 4 DE MONTERIA,318,Menor,37,Mayor
MOSQUERA,283,,45,
OFICIALES URBANOS DE MOSQUERA,272,Similar,41,Mayor
PRIVADOS DE MOSQUERA,301,Similar,45,Similar
GC 2 DE MOSQUERA,244,Mayor,40,Mayor
GC 3 DE MOSQUERA,282,Similar,43,Similar
GC 4 DE MOSQUERA,333,Menor,39,Mayor
NARIÑO,247,,47,
OFICIALES URBANOS DE NARIÑO,251,Similar,47,Similar
OFICIALES RURALES DE NARIÑO,239,Similar,45,Similar
PRIVADOS DE NARIÑO,234,Similar,52,Menor
GC 1 DE NARIÑO,223,Mayor,45,Similar
GC 2 DE NARIÑO,253,Similar,45,Similar
GC 3 DE NARIÑO,178,Mayor,0,Mayor
NEIVA,273,,53,
OFICIALES URBANOS DE NEIVA,266,Similar,48,Mayor
OFICIALES RURALES DE NEIVA,242,Mayor,44,Mayor
PRIVADOS DE NEIVA,302,Menor,58,Menor
GC 2 DE NEIVA,251,Similar,47,Mayor
GC 3 DE NEIVA,290,Similar,51,Similar
GC 4 DE NEIVA,352,Menor,36,Mayor
NORTE DE SANTANDER,259,,49,
OFICIALES URBANOS DE NORTE DE SANTANDER,264,Similar,48,Similar
OFICIALES RURALES DE NORTE DE SANTANDER,234,Mayor,40,Mayor
PRIVADOS DE NORTE DE SANTANDER,291,Menor,55,Menor
GC 1 DE NORTE DE SANTANDER,230,Mayor,38,Mayor
GC 2 DE NORTE DE SANTANDER,257,Similar,47,Similar
GC 3 DE NORTE DE SANTANDER,298,Menor,50,Similar
PALMIRA,274,,47,
OFICIALES URBANOS DE PALMIRA,276,Similar,48,Similar
OFICIALES RURALES DE PALMIRA,261,Similar,44,Similar
PRIVADOS DE PALMIRA,274,Similar,45,Similar
GC 2 DE PALMIRA,269,Similar,47,Similar
GC 3 DE PALMIRA,288,Similar,44,Similar
PASTO,279,,47,
OFICIALES URBANOS DE PASTO,280,Similar,47,Similar
OFICIALES RURALES DE PASTO,255,Mayor,39,Mayor
PRIVADOS DE PASTO,298,Similar,44,Similar
GC 1 DE PASTO,243,Mayor,41,Mayor
GC 2 DE PASTO,268,Similar,44,Similar
GC 3 DE PASTO,302,Similar,45,Similar
PEREIRA,268,,48,
OFICIALES URBANOS DE PEREIRA,263,Similar,44,Mayor
OFICIALES RURALES DE PEREIRA,253,Similar,44,Mayor
PRIVADOS DE PEREIRA,302,Menor,48,Similar
GC 1 DE PEREIRA,226,Mayor,19,Mayor
GC 2 DE PEREIRA,248,Similar,41,Mayor
GC 3 DE PEREIRA,279,Similar,46,Similar
GC 4 DE PEREIRA,330,Menor,38,Mayor
PIEDECUESTA,277,,47,
OFICIALES URBANOS DE PIEDECUESTA,277,Similar,46,Similar
OFICIALES RURALES DE PIEDECUESTA,258,Similar,41,Mayor
PRIVADOS DE PIEDECUESTA,298,Similar,48,Similar
GC 2 DE PIEDECUESTA,262,Similar,44,Similar
GC 3 DE PIEDECUESTA,294,Similar,44,Similar
GC 4 DE PIEDECUESTA,356,Menor,30,Mayor
PITALITO,282,,48,
OFICIALES URBANOS DE PITALITO,295,Similar,47,Similar
OFICIALES RURALES DE PITALITO,262,Similar,43,Mayor
PRIVADOS DE PITALITO,273,Similar,46,Similar
GC 2 DE PITALITO,283,Similar,49,Similar
GC 3 DE PITALITO,278,Similar,45,Similar
POPAYAN,267,,49,
OFICIALES URBANOS DE POPAYAN,274,Similar,47,Similar
OFICIALES RURALES DE POPAYAN,245,Similar,41,Mayor
PRIVADOS DE POPAYAN,252,Similar,53,Menor
GC 1 DE POPAYAN,226,Mayor,43,Mayor
GC 2 DE POPAYAN,257,Similar,45,Mayor
GC 3 DE POPAYAN,294,Menor,48,Similar
GC 4 DE POPAYAN,N.D.,N.D.,N.D.,N.D.
PUTUMAYO,248,,45,
OFICIALES URBANOS DE PUTUMAYO,259,Similar,45,Similar
OFICIALES RURALES DE PUTUMAYO,227,Similar,37,Mayor
PRIVADOS DE PUTUMAYO,272,Menor,51,Menor
GC 1 DE PUTUMAYO,226,Similar,38,Mayor
GC 2 DE PUTUMAYO,252,Similar,44,Similar
GC 3 DE PUTUMAYO,300,Menor,42,Similar
QUIBDO,227,,43,
OFICIALES URBANOS DE QUIBDO,228,Similar,42,Similar
OFICIALES RURALES DE QUIBDO,216,Similar,34,Mayor
PRIVADOS DE QUIBDO,221,Similar,50,Menor
GC 1 DE QUIBDO,205,Similar,30,Mayor
GC 2 DE QUIBDO,216,Similar,37,Mayor
GC 3 DE QUIBDO,252,Menor,45,Similar
QUINDIO,260,,47,
OFICIALES URBANOS DE QUINDIO,258,Similar,46,Similar
OFICIALES RURALES DE QUINDIO,253,Similar,44,Similar
PRIVADOS DE QUINDIO,316,Menor,45,Similar
GC 2 DE QUINDIO,251,Similar,44,Similar
GC 3 DE QUINDIO,285,Menor,47,Similar
RIOHACHA,241,,50,
OFICIALES URBANOS DE RIOHACHA,242,Similar,43,Mayor
OFICIALES RURALES DE RIOHACHA,203,Mayor,33,Mayor
PRIVADOS DE RIOHACHA,287,Menor,55,Menor
GC 1 DE RIOHACHA,194,Mayor,30,Mayor
GC 2 DE RIOHACHA,231,Similar,41,Mayor
GC 3 DE RIOHACHA,278,Menor,52,Similar
RIONEGRO,281,,49,
OFICIALES URBANOS DE RIONEGRO,279,Similar,45,Mayor
OFICIALES RURALES DE RIONEGRO,262,Similar,43,Mayor
PRIVADOS DE RIONEGRO,311,Menor,52,Similar
GC 2 DE RIONEGRO,262,Similar,43,Mayor
GC 3 DE RIONEGRO,283,Similar,48,Similar
GC 4 DE RIONEGRO,340,Menor,36,Mayor
RISARALDA,242,,47,
OFICIALES URBANOS DE RISARALDA,251,Similar,45,Similar
OFICIALES RURALES DE RISARALDA,219,Similar,46,Similar
PRIVADOS DE RISARALDA,296,Menor,38,Mayor
GC 1 DE RISARALDA,207,Mayor,37,Mayor
GC 2 DE RISARALDA,237,Similar,46,Similar
GC 3 DE RISARALDA,269,Menor,44,Similar
SABANETA,287,,45,
OFICIALES URBANOS DE SABANETA,281,Similar,43,Similar
OFICIALES RURALES DE SABANETA,271,Similar,45,Similar
PRIVADOS DE SABANETA,308,Similar,43,Similar
GC 3 DE SABANETA,286,Similar,45,Similar
GC 4 DE SABANETA,327,Menor,55,Menor
SAHAGUN,260,,49,
OFICIALES URBANOS DE SAHAGUN,261,Similar,46,Similar
OFICIALES RURALES DE SAHAGUN,243,Similar,43,Mayor
PRIVADOS DE SAHAGUN,306,Menor,52,Similar
GC 1 DE SAHAGUN,245,Similar,41,Mayor
GC 2 DE SAHAGUN,261,Similar,48,Similar
GC 3 DE SAHAGUN,306,Menor,52,Similar
SAN ANDRES,240,,53,
OFICIALES URBANOS DE SAN ANDRES,251,Similar,52,Similar
OFICIALES RURALES DE SAN ANDRES,216,Mayor,40,Mayor
PRIVADOS DE SAN ANDRES,279,Menor,50,Similar
GC 2 DE SAN ANDRES,219,Similar,41,Mayor
GC 3 DE SAN ANDRES,256,Similar,55,Similar
SANTA MARTA,250,,49,
OFICIALES URBANOS DE SANTA MARTA,244,Similar,45,Mayor
OFICIALES RURALES DE SANTA MARTA,225,Mayor,40,Mayor
PRIVADOS DE SANTA MARTA,280,Menor,52,Similar
GC 1 DE SANTA MARTA,209,Mayor,30,Mayor
GC 2 DE SANTA MARTA,236,Similar,42,Mayor
GC 3 DE SANTA MARTA,281,Menor,47,Similar
GC 4 DE SANTA MARTA,249,Similar,82,Menor
SANTANDER,262,,47,
OFICIALES URBANOS DE SANTANDER,266,Similar,47,Similar
OFICIALES RURALES DE SANTANDER,250,Similar,44,Similar
PRIVADOS DE SANTANDER,282,Similar,58,Menor
GC 1 DE SANTANDER,241,Similar,43,Mayor
GC 2 DE SANTANDER,258,Similar,46,Similar
GC 3 DE SANTANDER,296,Menor,45,Similar
SINCELEJO,259,,53,
OFICIALES URBANOS DE SINCELEJO,254,Similar,47,Mayor
OFICIALES RURALES DE SINCELEJO,227,Mayor,41,Mayor
PRIVADOS DE SINCELEJO,294,Menor,60,Menor
GC 1 DE SINCELEJO,219,Mayor,37,Mayor
GC 2 DE SINCELEJO,253,Similar,47,Mayor
GC 3 DE SINCELEJO,303,Menor,55,Similar
SOACHA,262,,43,
OFICIALES URBANOS DE SOACHA,253,Similar,41,Similar
OFICIALES RURALES DE SOACHA,240,Similar,42,Similar
PRIVADOS DE SOACHA,273,Similar,43,Similar
GC 2 DE SOACHA,250,Similar,41,Similar
GC 3 DE SOACHA,269,Similar,43,Similar
SOGAMOSO,285,,45,
OFICIALES URBANOS DE SOGAMOSO,278,Similar,41,Mayor
OFICIALES RURALES DE SOGAMOSO,260,Mayor,39,Mayor
PRIVADOS DE SOGAMOSO,300,Similar,49,Menor
GC 2 DE SOGAMOSO,261,Mayor,41,Mayor
GC 3 DE SOGAMOSO,292,Similar,44,Similar
SOLEDAD,253,,51,
OFICIALES URBANOS DE SOLEDAD,252,Similar,46,Mayor
PRIVADOS DE SOLEDAD,253,Similar,56,Menor
GC 2 DE SOLEDAD,240,Similar,47,Mayor
GC 3 DE SOLEDAD,283,Menor,48,Similar
SUCRE,233,,46,
OFICIALES URBANOS DE SUCRE,241,Similar,45,Similar
OFICIALES RURALES DE SUCRE,214,Similar,38,Mayor
PRIVADOS DE SUCRE,281,Menor,53,Menor
GC 1 DE SUCRE,209,Mayor,35,Mayor
GC 2 DE SUCRE,238,Similar,45,Similar
GC 3 DE SUCRE,297,Menor,43,Similar
TOLIMA,240,,45,
OFICIALES URBANOS DE TOLIMA,243,Similar,44,Similar
OFICIALES RURALES DE TOLIMA,229,Similar,40,Mayor
PRIVADOS DE TOLIMA,260,Similar,52,Menor
GC 1 DE TOLIMA,221,Similar,38,Mayor
GC 2 DE TOLIMA,238,Similar,43,Similar
GC 3 DE TOLIMA,279,Menor,48,Similar
TULUA,262,,49,
OFICIALES URBANOS DE TULUA,257,Similar,46,Similar
OFICIALES RURALES DE TULUA,235,Mayor,42,Mayor
PRIVADOS DE TULUA,292,Menor,46,Similar
GC 1 DE TULUA,233,Mayor,38,Mayor
GC 2 DE TULUA,252,Similar,46,Similar
GC 3 DE TULUA,287,Menor,46,Similar
TUMACO,214,,43,
OFICIALES URBANOS DE TUMACO,217,Similar,40,Similar
OFICIALES RURALES DE TUMACO,198,Similar,33,Mayor
PRIVADOS DE TUMACO,261,Menor,58,Menor
GC 1 DE TUMACO,200,Similar,32,Mayor
GC 2 DE TUMACO,214,Similar,42,Similar
GC 3 DE TUMACO,284,Menor,47,Menor
TUNJA,293,,48,
OFICIALES URBANOS DE TUNJA,285,Similar,46,Similar
OFICIALES RURALES DE TUNJA,255,Mayor,43,Mayor
PRIVADOS DE TUNJA,310,Similar,48,Similar
GC 2 DE TUNJA,264,Mayor,44,Mayor
GC 3 DE TUNJA,302,Similar,42,Mayor
GC 4 DE TUNJA,345,Menor,38,Mayor
TURBO,219,,39,
OFICIALES URBANOS DE TURBO,219,Similar,38,Similar
OFICIALES RURALES DE TURBO,214,Similar,37,Similar
PRIVADOS DE TURBO,247,Menor,43,Menor
GC 1 DE TURBO,201,Similar,31,Mayor
GC 2 DE TURBO,217,Similar,37,Similar
GC 3 DE TURBO,248,Menor,44,Menor
URIBIA,195,,35,
OFICIALES URBANOS DE URIBIA,214,Similar,42,Menor
OFICIALES RURALES DE URIBIA,186,Similar,27,Mayor
GC 1 DE URIBIA,191,Similar,29,Mayor
GC 2 DE URIBIA,217,Similar,48,Menor
VALLE DEL CAUCA,250,,47,
OFICIALES URBANOS DE VALLE DEL CAUCA,251,Similar,47,Similar
OFICIALES RURALES DE VALLE DEL CAUCA,241,Similar,42,Mayor
PRIVADOS DE VALLE DEL CAUCA,275,Menor,49,Similar
GC 1 DE VALLE DEL CAUCA,232,Similar,38,Mayor
GC 2 DE VALLE DEL CAUCA,248,Similar,46,Similar
GC 3 DE VALLE DEL CAUCA,276,Menor,48,Similar
VALLEDUPAR,264,,54,
OFICIALES URBANOS DE VALLEDUPAR,262,Similar,49,Mayor
OFICIALES RURALES DE VALLEDUPAR,228,Mayor,42,Mayor
PRIVADOS DE VALLEDUPAR,280,Similar,62,Menor
GC 1 DE VALLEDUPAR,226,Mayor,34,Mayor
GC 2 DE VALLEDUPAR,248,Similar,46,Mayor
GC 3 DE VALLEDUPAR,303,Menor,51,Similar
VAUPES,214,,39,
OFICIALES URBANOS DE VAUPES,228,Similar,38,Similar
OFICIALES RURALES DE VAUPES,188,Mayor,23,Mayor
PRIVADOS DE VAUPES,161,Mayor,0,Mayor
GC 1 DE VAUPES,209,Similar,37,Similar
GC 2 DE VAUPES,234,Similar,39,Similar
VICHADA,225,,44,
OFICIALES URBANOS DE VICHADA,240,Similar,41,Similar
OFICIALES RURALES DE VICHADA,201,Mayor,38,Mayor
GC 1 DE VICHADA,191,Mayor,25,Mayor
GC 2 DE VICHADA,235,Similar,43,Similar
VILLAVICENCIO,268,,49,
OFICIALES URBANOS DE VILLAVICENCIO,265,Similar,44,Mayor
OFICIALES RURALES DE VILLAVICENCIO,271,Similar,47,Similar
PRIVADOS DE VILLAVICENCIO,274,Similar,60,Menor
GC 1 DE VILLAVICENCIO,245,Similar,4,Mayor
GC 2 DE VILLAVICENCIO,248,Similar,43,Mayor
GC 3 DE VILLAVICENCIO,282,Similar,47,Similar
GC 4 DE VILLAVICENCIO,344,Menor,40,Mayor
YOPAL,270,,48,
OFICIALES URBANOS DE YOPAL,266,Similar,44,Mayor
OFICIALES RURALES DE YOPAL,245,Mayor,42,Mayor
PRIVADOS DE YOPAL,309,Menor,51,Similar
GC 1 DE YOPAL,236,Mayor,31,Mayor
GC 2 DE YOPAL,258,Similar,42,Mayor
GC 3 DE YOPAL,305,Menor,46,Similar
GC 4 DE YOPAL,346,Menor,42,Mayor
YUMBO,247,,44,
OFICIALES URBANOS DE YUMBO,250,Similar,45,Similar
OFICIALES RURALES DE YUMBO,241,Similar,40,Mayor
PRIVADOS DE YUMBO,240,Similar,42,Similar
GC 2 DE YUMBO,238,Similar,42,Similar
GC 3 DE YUMBO,261,Similar,45,Similar
ZIPAQUIRA,281,,46,
OFICIALES URBANOS DE ZIPAQUIRA,271,Similar,43,Similar
OFICIALES RURALES DE ZIPAQUIRA,258,Similar,41,Mayor
PRIVADOS DE ZIPAQUIRA,303,Similar,44,Similar
GC 2 DE ZIPAQUIRA,243,Mayor,38,Mayor
GC 3 DE ZIPAQUIRA,287,Similar,44,Similar
GC 4 DE ZIPAQUIRA,328,Menor,29,Mayor
